player_name,Unnamed: 0,age,player_height,player_weight,gp,pts_media_carrera,reb,ast,net_rating,oreb_pct,dreb_pct,usg_pct,ts_pct,ast_pct,pts_22_23
Aaron Gordon,10101.75,22.5,204.7875,102.341695,66.0,12.8125,6.225,2.45,-0.38749999999999984,0.0575,0.16725,0.197625,0.540125,0.1225,16.3
Aaron Holiday,11102.25,23.5,183.515,83.91452,61.25,7.225,1.7249999999999999,2.35,1.9000000000000001,0.014,0.07925,0.18974999999999997,0.5215000000000001,0.1825,3.9
Aaron Nesmith,11648.5,21.5,195.58,97.52228,49.0,4.25,2.25,0.45,1.25,0.032999999999999946,0.13149999999999995,0.14849999999999997,0.54,0.052000000000000005,10.1
Aaron Wiggins,11959.0,23.0,193.04,86.18248,50.0,8.3,3.6,1.4,-8.1,0.04,0.098,0.149,0.556,0.083,6.8
Admiral Schofield,11404.5,24.0,195.58,109.315672,35.5,3.4,1.8499999999999999,0.6,-10.3,0.025,0.126,0.1305,0.52,0.07050000000000001,4.2
Al Horford,8462.6,29.0,207.772,111.28123733333334,63.333333333333336,13.78,8.026666666666667,3.253333333333333,3.753333333333333,0.06966666666666667,0.20286666666666667,0.19299999999999998,0.5684666666666666,0.16206666666666666,9.8
Alec Burks,9411.727272727272,25.0,198.12,95.8316189090909,56.81818181818182,10.727272727272727,3.536363636363636,1.981818181818182,-2.390909090909091,0.028363636363636355,0.13727272727272727,0.21345454545454545,0.5308181818181819,0.1338181818181818,12.8
Aleksej Pokusevski,11338.0,19.0,213.36,86.18248,45.0,8.2,4.7,2.2,-16.7,0.025,0.155,0.1969999999999999,0.43,0.133,8.1
Alex Caruso,10874.6,26.0,195.072,84.368112,45.0,6.42,2.58,2.7600000000000002,4.66,0.025799999999999962,0.09299999999999999,0.1444,0.5376000000000001,0.18239999999999998,5.6
Alex Len,9883.555555555555,25.0,215.05333333333334,114.90997333333333,63.333333333333336,7.277777777777778,5.5777777777777775,0.8444444444444444,-5.777777777777778,0.09777777777777777,0.2052222222222222,0.17055555555555554,0.5614444444444444,0.068,1.7
Alize Johnson,11117.75,24.5,202.565,96.161504,18.0,2.475,2.9749999999999996,0.42500000000000004,-1.9499999999999997,0.11399999999999999,0.23874999999999996,0.14099999999999996,0.48574999999999996,0.07075000000000001,1.8
Alperen Sengun,12008.0,19.0,208.28,110.222856,72.0,9.6,5.5,2.6,-10.2,0.089,0.174,0.214,0.552,0.193,14.8
Amir Coffey,11402.666666666666,24.0,200.66,95.25432,43.666666666666664,5.133333333333334,1.5999999999999999,1.0333333333333334,-0.8666666666666667,0.021666666666666667,0.083,0.15766666666666665,0.5586666666666666,0.11366666666666664,3.4
Andre Drummond,9650.6,23.5,209.55,125.7357024,71.8,13.780000000000001,13.1,1.44,-1.7100000000000002,0.1524,0.31799999999999995,0.21559999999999996,0.5454,0.0795,6.0
Andre Iguodala,7738.5,29.5,198.12,95.50631555555555,67.94444444444444,10.622222222222222,4.777777777777778,4.1,4.866666666666666,0.032499999999999994,0.13461111111111113,0.1556111111111111,0.5502222222222222,0.19405555555555554,2.1
Andrew Wiggins,10105.5,23.5,202.2475,89.811216,74.75,19.325,4.4875,2.4,-1.1,0.03674999999999999,0.095125,0.24662499999999996,0.532,0.11074999999999999,17.1
Anfernee Simons,11131.75,21.5,191.135,82.55374400000001,52.75,9.3,1.9250000000000003,1.8499999999999999,-6.7250000000000005,0.016,0.08275,0.211,0.55225,0.14224999999999993,21.1
Anthony Davis,9599.2,24.5,208.53400000000002,110.26821519999999,60.4,23.61,10.07,2.44,1.05,0.0769,0.22939999999999997,0.2778,0.5824,0.12010000000000001,25.9
Anthony Edwards,11684.0,19.5,193.04,102.0582,72.0,20.3,4.75,3.3499999999999996,-0.5,0.023,0.11699999999999999,0.263,0.5415000000000001,0.15749999999999997,24.6
Anthony Gill,11685.0,28.5,200.66,104.32616,35.0,3.5999999999999996,1.95,0.5,2.0999999999999996,0.0745,0.13149999999999995,0.1405,0.6395,0.0765,3.3
Anthony Lamb,11686.0,23.5,198.12,102.965384,13.0,2.75,1.7,1.0,10.1,0.0275,0.11699999999999999,0.1245,0.2615,0.24000000000000002,6.7
Austin Reaves,12011.0,24.0,195.58,89.357624,61.0,7.3,3.2,1.8,1.8,0.031,0.099,0.121,0.6,0.1009999999999999,13.0
Austin Rivers,9590.7,24.5,192.786,90.7184,65.5,8.77,2.09,2.2199999999999998,-0.65,0.014599999999999991,0.07769999999999999,0.1738,0.513,0.13779999999999998,4.9
Ayo Dosunmu,11987.0,22.0,193.04,90.7184,77.0,8.8,2.8,3.3,-5.0,0.013,0.09,0.138,0.596,0.1639999999999999,8.6
Bam Adebayo,10882.4,22.0,206.756,115.66596,68.6,13.9,8.42,3.5200000000000005,2.7199999999999998,0.0792,0.21539999999999995,0.20140000000000002,0.605,0.1876,20.4
Ben Simmons,10587.75,22.5,208.915,106.59412,68.75,15.85,7.975,7.699999999999999,4.675,0.055,0.16875,0.20999999999999996,0.58125,0.3365,6.9
Bismack Biyombo,9349.818181818182,24.0,205.0472727272727,113.60417818181818,67.0909090909091,5.2272727272727275,5.9363636363636365,0.6,-6.090909090909091,0.10463636363636362,0.21709090909090908,0.1289090909090909,0.5605454545454545,0.04945454545454546,4.3
Blake Griffin,9116.25,27.5,207.645,113.70039466666667,60.333333333333336,19.083333333333332,7.791666666666667,4.091666666666667,3.908333333333333,0.062166666666666655,0.1975833333333333,0.2625,0.5491666666666667,0.21016666666666664,4.1
Boban Marjanovic,10357.42857142857,30.0,221.7057142857143,131.54168,40.857142857142854,5.7,3.6714285714285713,0.4428571428571429,5.585714285714286,0.14142857142857143,0.27299999999999996,0.25357142857142856,0.6195714285714286,0.07585714285714286,3.3
Bobby Portis,10355.285714285714,24.0,209.73142857142855,111.71322971428572,64.71428571428571,11.042857142857143,6.6,1.1714285714285713,-2.1714285714285717,0.08385714285714285,0.21599999999999997,0.21528571428571427,0.5414285714285715,0.08485714285714284,14.1
Bogdan Bogdanovic,10873.0,27.0,198.12,97.52228,63.2,14.5,3.4799999999999995,3.38,-0.6,0.01579999999999996,0.10339999999999998,0.211,0.5658000000000001,0.17739999999999995,14.0
Bojan Bogdanovic,10090.375,29.5,202.565,100.980919,75.375,15.1875,3.6375,1.5999999999999999,0.4374999999999999,0.02,0.10674999999999998,0.21287499999999995,0.588125,0.08224999999999999,21.6
Bol Bol,11378.333333333334,21.0,218.43999999999997,99.79024,17.666666666666668,3.4333333333333336,1.6333333333333335,0.5,-11.4,0.035333333333333335,0.17866666666666667,0.18566666666666665,0.572,0.09066666666666667,9.1
Bones Hyland,11998.0,21.0,187.96,76.657048,69.0,10.1,2.7,2.8,1.7,0.011,0.133,0.231,0.5579999999999999,0.22,11.8
Bradley Beal,9580.8,24.5,194.31,93.893544,64.5,22.0,4.08,4.2299999999999995,0.0899999999999999,0.02639999999999999,0.09749999999999999,0.2714,0.5549999999999999,0.1977,23.2
Brandon Clarke,11355.333333333334,24.0,203.19999999999996,97.52227999999998,60.333333333333336,10.933333333333332,5.6000000000000005,1.4333333333333333,2.533333333333333,0.07666666666666667,0.16166666666666665,0.17266666666666663,0.6276666666666667,0.09566666666666664,10.0
Brandon Ingram,10612.166666666666,21.5,204.04666666666665,86.18248,61.333333333333336,19.016666666666666,5.2,3.9499999999999997,-1.5333333333333332,0.022499999999999982,0.13066666666666668,0.24316666666666661,0.5483333333333333,0.18116666666666667,24.7
Braxton Key,11899.0,25.0,203.2,102.0582,11.0,7.2,4.5,1.0,8.0,0.0579999999999999,0.187,0.184,0.508,0.077,1.3
Brook Lopez,8621.57142857143,27.5,213.35999999999999,123.02063028571429,62.0,16.571428571428573,5.885714285714286,1.3214285714285714,-0.8142857142857143,0.07171428571428569,0.13792857142857143,0.24014285714285716,0.571,0.07671428571428571,15.9
Bruce Brown,11068.5,23.5,193.675,91.625584,67.25,7.75,4.35,2.225,-0.09999999999999991,0.05174999999999998,0.12675,0.14375,0.5415,0.127,11.5
Bruno Fernando,11340.333333333334,22.0,205.74,108.86208,39.666666666666664,2.9,2.566666666666667,0.4666666666666666,-7.233333333333333,0.08433333333333333,0.21933333333333335,0.15899999999999995,0.5626666666666666,0.08399999999999992,3.9
Bryn Forbes,10599.833333333334,25.5,189.23000000000002,89.58442000000001,67.66666666666667,8.549999999999999,1.6166666666666665,1.1666666666666667,-1.683333333333333,0.00749999999999995,0.07433333333333332,0.1795,0.5579999999999999,0.09266666666666663,3.6
Buddy Hield,10598.666666666666,26.333333333333332,193.04,98.429464,78.0,16.033333333333335,4.3,2.5500000000000003,-3.1166666666666667,0.024166666666666666,0.12283333333333334,0.2285,0.561,0.12899999999999998,16.8
CJ McCollum,9839.222222222223,26.0,191.34666666666666,87.69445333333334,65.55555555555556,18.41111111111111,3.3333333333333335,3.3555555555555556,1.9333333333333331,0.019444444444444445,0.09077777777777778,0.2502222222222222,0.5493333333333333,0.16788888888888887,20.9
Cade Cunningham,11909.0,20.0,198.12,99.79024,64.0,17.4,5.5,5.6,-6.2,0.026,0.143,0.273,0.504,0.283,19.9
Caleb Martin,11342.333333333334,25.0,195.58,92.98636,43.666666666666664,6.8,2.8666666666666667,1.2333333333333334,0.5333333333333332,0.04,0.10833333333333334,0.15799999999999995,0.557,0.10433333333333333,9.6
Cam Reddish,11343.666666666666,21.0,203.19999999999996,98.73185866666665,44.333333333333336,10.6,3.266666666666667,1.2666666666666666,-6.7,0.023999999999999966,0.09799999999999999,0.19366666666666665,0.5103333333333333,0.07433333333333333,9.7
Cam Thomas,11895.0,20.0,190.5,95.25432,67.0,8.5,2.4,1.2,-6.4,0.013,0.118,0.212,0.519,0.102,10.6
Cameron Johnson,11343.666666666666,25.0,203.19999999999996,95.25432,61.0,10.299999999999999,3.5666666666666664,1.3666666666666665,4.3,0.027666666666666662,0.11666666666666665,0.1606666666666666,0.5913333333333334,0.08,15.5
Cameron Payne,10340.0,24.0,188.32285714285715,83.84972114285713,39.857142857142854,7.914285714285714,2.414285714285714,3.1999999999999997,0.4285714285714288,0.0174285714285714,0.109,0.19757142857142854,0.5182857142857143,0.248,10.3
Caris LeVert,10597.333333333334,24.5,199.39,92.60836666666667,53.0,14.983333333333333,3.8833333333333333,3.983333333333333,-1.8500000000000003,0.026,0.10816666666666665,0.23833333333333329,0.5266666666666667,0.22399999999999998,12.1
Carlik Jones,11889.0,24.0,182.88,78.92500799999999,5.0,0.8,0.6,1.0,-33.1,0.042,0.069,0.22,0.2019999999999999,0.417,2.9
Cedi Osman,10861.2,25.0,201.676,101.604608,65.4,9.8,3.18,2.12,-6.14,0.02139999999999998,0.11579999999999999,0.17980000000000002,0.5432,0.1272,8.7
Charles Bassey,11881.0,21.0,205.74,104.32616,23.0,3.0,2.7,0.3,-8.8,0.124,0.233,0.152,0.66,0.07,5.7
Chimezie Metu,11119.5,23.5,206.375,102.0582,35.75,5.05,2.925,0.7,-5.375,0.06375,0.19174999999999998,0.20475,0.5285,0.11374999999999998,4.9
Chris Boucher,10867.0,27.0,206.756,90.7184,46.2,6.58,4.08,0.38,-17.880000000000003,0.076,0.3538,0.22119999999999998,0.4708,0.0318,9.4
Chris Duarte,11934.0,25.0,195.58,86.18248,55.0,13.1,4.1,2.1,-2.0,0.026,0.1169999999999999,0.207,0.537,0.11,7.9
Chris Paul,7939.294117647059,29.0,183.02941176470588,79.3786,67.94117647058823,18.076470588235296,4.5058823529411764,9.48235294117647,7.405882352941177,0.020058823529411754,0.125,0.23317647058823526,0.5831764705882353,0.43005882352941177,13.9
Chris Silva,11387.333333333334,24.0,203.19999999999996,106.140528,23.0,2.566666666666667,2.766666666666667,0.5333333333333333,-7.533333333333334,0.12366666666666663,0.22499999999999998,0.143,0.6666666666666666,0.11166666666666665,2.0
Christian Wood,10443.833333333334,23.166666666666668,208.70333333333335,97.975872,37.0,11.083333333333334,5.733333333333333,0.9666666666666667,-4.716666666666667,0.07949999999999997,0.2121666666666667,0.21633333333333335,0.5888333333333333,0.06733333333333334,16.6
Chuma Okeke,11674.0,22.5,198.12,103.872568,57.5,8.2,4.5,1.9500000000000002,-8.0,0.0285,0.14099999999999996,0.1505,0.506,0.118,4.7
Clint Capela,10124.125,24.5,208.28,109.769264,58.875,11.625,10.125,0.9125,5.45,0.12975,0.260625,0.180125,0.592375,0.054374999999999986,12.0
Coby White,11397.666666666666,21.0,193.88666666666666,88.45044,65.0,13.666666666666666,3.533333333333333,3.466666666666667,-2.766666666666667,0.013,0.1143333333333333,0.2163333333333333,0.5366666666666666,0.17566666666666667,9.7
Cody Martin,11409.666666666666,25.0,196.42666666666665,92.98636,57.0,5.566666666666666,3.466666666666667,2.066666666666667,-0.7000000000000001,0.04699999999999999,0.12466666666666666,0.12466666666666666,0.528,0.1386666666666667,5.0
Cody Zeller,9878.333333333334,25.0,212.79555555555555,108.86208,54.888888888888886,8.38888888888889,5.944444444444445,1.3777777777777778,0.4555555555555555,0.09677777777777777,0.1931111111111111,0.16522222222222224,0.5821111111111111,0.09688888888888889,6.5
Cole Anthony,11684.5,21.5,189.23000000000002,83.91452,56.0,14.600000000000001,5.050000000000001,4.9,-9.100000000000001,0.020999999999999998,0.1435,0.24,0.5075000000000001,0.261,13.0
Collin Sexton,11147.75,21.5,186.055,86.18248,54.5,19.45,3.1,3.125,-9.174999999999999,0.02924999999999995,0.0675,0.26525,0.544,0.16175,14.3
Corey Kispert,11945.0,23.0,198.12,101.604608,77.0,8.2,2.7,1.1,0.1,0.03,0.084,0.142,0.586,0.064,11.1
Cory Joseph,9362.272727272728,25.0,190.5,87.13089963636364,66.18181818181819,6.645454545454545,2.4272727272727272,2.8363636363636364,-0.16363636363636347,0.025636363636363627,0.09754545454545452,0.1559090909090909,0.5166363636363637,0.19699999999999995,6.9
D'Angelo Russell,10370.0,23.0,194.49142857142857,88.25604342857143,60.57142857142857,17.942857142857143,3.5,5.642857142857143,-5.585714285714286,0.01657142857142857,0.10385714285714286,0.2782857142857143,0.5317142857142857,0.3131428571428571,17.8
Daishen Nix,11916.0,20.0,193.04,102.511792,24.0,3.2,1.4,1.7,-6.6,0.026,0.103,0.1669999999999999,0.48,0.208,4.0
Dalano Banton,11918.0,22.0,200.66,92.532768,64.0,3.2,1.9,1.5,1.5,0.048,0.124,0.159,0.4629999999999999,0.1969999999999999,4.6
Damian Jones,10631.666666666666,24.5,212.09,111.13004,33.166666666666664,4.566666666666666,2.9166666666666665,0.6333333333333333,-5.983333333333333,0.0795,0.14783333333333332,0.13166666666666668,0.638,0.05983333333333333,3.5
Damian Lillard,9626.0,26.5,189.738,88.45044,71.1,24.830000000000002,4.18,6.7299999999999995,2.7800000000000002,0.0164,0.10229999999999999,0.2841,0.5801999999999999,0.3011,32.2
Damion Lee,10891.4,27.0,196.596,95.25432,43.2,8.440000000000001,3.6,1.46,-1.7399999999999998,0.0214,0.13879999999999998,0.1626,0.5624,0.093,8.2
Daniel Gafford,11414.0,22.0,207.4333333333333,106.140528,56.333333333333336,7.166666666666667,4.166666666666667,0.6333333333333333,-1.566666666666667,0.102,0.1403333333333333,0.15066666666666667,0.6970000000000001,0.057666666666666665,9.0
Daniel Theis,10887.2,28.0,204.21599999999998,110.7671664,61.2,7.6,4.9399999999999995,1.24,2.08,0.07680000000000001,0.16579999999999995,0.152,0.615,0.09519999999999998,7.0
Danny Green,8890.692307692309,29.0,198.12,96.82444615384614,63.0,8.023076923076923,3.1769230769230767,1.3846153846153846,7.346153846153846,0.030999999999999975,0.11576923076923076,0.1576153846153846,0.5604615384615385,0.0809230769230769,5.5
Danuel House Jr.,10884.2,27.0,199.13600000000002,99.79024,40.6,8.24,3.4799999999999995,1.26,1.5999999999999999,0.025,0.11839999999999998,0.14619999999999997,0.5662,0.08159999999999998,4.8
Dario Saric,10373.2,25.0,208.28000000000003,101.5138896,71.2,11.48,5.720000000000001,1.92,1.4,0.05979999999999998,0.1722,0.2024,0.5624,0.11439999999999999,6.4
Darius Bazley,11353.333333333334,21.0,203.19999999999996,94.34713600000002,61.666666666666664,10.033333333333333,5.833333333333333,1.3,-9.200000000000001,0.02866666666666667,0.18033333333333332,0.18133333333333335,0.501,0.07433333333333332,5.2
Darius Garland,11512.333333333334,21.0,185.42,87.08966400000001,60.333333333333336,17.133333333333333,2.533333333333333,6.2,-2.9,0.014666666666666633,0.06066666666666667,0.23933333333333331,0.5403333333333333,0.286,21.6
David Duke Jr.,11953.0,22.0,193.04,92.532768,22.0,4.7,3.0,0.8,0.1,0.077,0.105,0.15,0.444,0.066,3.7
Davion Mitchell,11957.0,23.0,182.88,91.625584,75.0,11.5,2.2,4.2,-6.0,0.015,0.062,0.2019999999999999,0.489,0.235,5.6
Davis Bertans,10641.0,26.5,208.28,99.79024,64.5,8.483333333333333,2.75,1.0333333333333334,3.3666666666666667,0.01816666666666665,0.11966666666666666,0.159,0.6013333333333334,0.07383333333333333,4.6
Davon Reed,10722.0,24.666666666666668,196.42666666666665,94.34713600000002,26.333333333333332,2.866666666666667,1.5999999999999999,0.6666666666666666,1.5999999999999999,0.0203333333333333,0.12066666666666666,0.1263333333333333,0.504,0.09000000000000001,2.1
Day'Ron Sharpe,11968.0,20.0,205.74,120.20188,32.0,6.2,5.0,0.5,6.9,0.1969999999999999,0.198,0.205,0.593,0.062,4.7
De'Aaron Fox,10899.6,22.0,190.5,82.10015200000001,64.4,19.68,3.56,6.26,-4.4399999999999995,0.016,0.09240000000000001,0.2686,0.5388,0.2956,25.0
De'Andre Hunter,11435.333333333334,23.0,202.35333333333332,101.45341066666667,46.333333333333336,13.566666666666668,4.2,1.6666666666666667,0.2333333333333333,0.02033333333333333,0.1113333333333333,0.18699999999999992,0.557,0.079,15.4
De'Anthony Melton,11152.75,22.5,189.23000000000002,90.7184,58.75,8.125,3.5,2.825,2.1999999999999997,0.030000000000000002,0.12974999999999998,0.18149999999999997,0.516,0.18475,10.1
DeAndre Jordan,8648.714285714286,26.5,210.82,119.22989714285714,70.0,8.77142857142857,9.978571428571428,0.95,0.1714285714285712,0.12349999999999998,0.27699999999999997,0.13885714285714285,0.6418571428571429,0.054642857142857125,5.1
DeMar DeRozan,8888.538461538461,26.0,200.07384615384615,99.37153969230768,73.61538461538461,20.76923076923077,4.407692307692307,3.9384615384615387,-0.04615384615384618,0.02446153846153846,0.11592307692307692,0.2694615384615384,0.5488461538461539,0.1886923076923077,24.5
Dean Wade,11433.0,24.0,205.74,103.418976,42.0,4.333333333333333,2.6333333333333333,0.7999999999999999,-4.5,0.03333333333333333,0.16233333333333333,0.10866666666666668,0.6336666666666667,0.07,4.7
Deandre Ayton,11152.75,21.5,212.09,113.398,59.0,16.525,10.625,1.625,2.95,0.10774999999999994,0.2355,0.20925,0.62125,0.0805,18.0
Dejounte Murray,10709.4,22.6,194.05599999999998,79.83219199999999,64.0,11.84,5.6,4.58,1.44,0.036199999999999996,0.17659999999999998,0.22960000000000003,0.5107999999999999,0.2608,20.5
Delon Wright,10377.857142857143,27.0,195.58,84.75690514285714,58.714285714285715,6.799999999999999,2.9428571428571426,2.7857142857142856,3.1714285714285713,0.03728571428571429,0.11457142857142856,0.16257142857142853,0.5519999999999999,0.21128571428571427,7.4
Deni Avdija,11676.5,20.5,205.74,95.25432,68.0,7.35,5.050000000000001,1.6,-1.55,0.022,0.1815,0.138,0.5255000000000001,0.09049999999999994,9.2
Dennis Schroder,9859.666666666666,24.0,185.98444444444442,77.61463111111112,69.0,13.922222222222222,2.9000000000000004,4.6,-0.7888888888888888,0.016555555555555556,0.09855555555555555,0.2542222222222222,0.5201111111111111,0.2921111111111111,12.6
Dennis Smith Jr.,10879.6,22.0,188.976,91.171992,43.2,9.32,2.76,3.96,-8.4,0.026999999999999958,0.0978,0.2218,0.46799999999999997,0.2926,8.8
Deonte Burton,10618.5,25.5,194.31,109.99606,35.5,2.6500000000000004,1.2,0.35,-4.199999999999999,0.015499999999999951,0.1045,0.16599999999999998,0.433,0.0665,0.0
Derrick Jones Jr.,10605.5,22.5,198.96666666666667,92.23037333333333,46.666666666666664,6.05,3.1833333333333336,0.6666666666666666,-0.3166666666666666,0.06683333333333334,0.09883333333333333,0.12799999999999997,0.5786666666666667,0.04916666666666666,5.0
Derrick Rose,8720.153846153846,26.692307692307693,189.91384615384615,87.5781476923077,51.69230769230769,17.2,3.146153846153846,5.061538461538461,0.8,0.027076923076923075,0.07984615384615384,0.27115384615384613,0.5221538461538462,0.27984615384615386,5.6
Derrick White,10851.6,25.0,193.04,86.18248,52.6,10.6,3.0,3.2600000000000002,5.86,0.021,0.10579999999999998,0.18519999999999998,0.5786,0.1812,12.4
Desmond Bane,11587.0,23.5,195.58,97.52228,72.0,13.7,3.75,2.2,3.6500000000000004,0.0185,0.11699999999999994,0.1905,0.5960000000000001,0.1205,21.5
Devin Booker,10348.142857142857,22.0,197.03142857142856,93.95834285714285,68.14285714285714,23.771428571428572,3.957142857142857,4.728571428571429,-1.542857142857143,0.0157142857142857,0.10099999999999996,0.29457142857142854,0.5702857142857143,0.226,27.8
Devin Vassell,11536.0,20.5,195.58,90.7184,66.5,8.9,3.55,1.4,-0.7,0.021,0.133,0.161,0.532,0.08349999999999999,18.5
Devon Dotson,11516.5,21.5,186.69,83.91452,11.0,2.35,0.65,1.0,9.65,0.025,0.08299999999999999,0.158,0.5429999999999999,0.2415,0.5
Devonte' Graham,11046.25,25.5,186.055,87.31646,60.0,12.4,2.45,4.925,-2.35,0.01525,0.07375,0.20274999999999999,0.5155,0.27325,7.4
Dewayne Dedmon,9822.222222222223,28.0,213.36,111.63403111111111,53.0,6.2555555555555555,5.7555555555555555,0.6777777777777777,0.6333333333333336,0.10322222222222222,0.25855555555555554,0.15466666666666665,0.5955555555555555,0.05299999999999998,5.2
Dillon Brooks,10810.8,24.0,199.644,101.151016,54.4,14.059999999999999,2.84,1.94,1.72,0.02699999999999998,0.0786,0.2354,0.514,0.10679999999999998,14.3
Domantas Sabonis,10610.5,23.5,210.39666666666665,109.769264,69.16666666666667,14.883333333333333,9.516666666666667,3.8000000000000003,1.2333333333333334,0.0785,0.24083333333333332,0.2145,0.5816666666666667,0.18616666666666667,19.1
Donovan Mitchell,10813.8,23.0,187.452,97.52228,69.0,24.119999999999997,4.16,4.54,6.0,0.02339999999999998,0.09559999999999998,0.3088,0.5554,0.229,28.3
Donte DiVincenzo,11004.0,23.5,193.04,92.079176,50.25,8.375,4.25,2.325,7.3,0.03974999999999997,0.12975,0.16575,0.529,0.13499999999999995,9.4
Dorian Finney-Smith,10597.0,26.5,201.92999999999998,99.79024,65.66666666666667,8.0,4.483333333333333,1.4000000000000001,1.6666666666666667,0.0515,0.11466666666666665,0.13033333333333333,0.551,0.07333333333333333,8.3
Doug McDermott,10076.0,26.5,202.2475,101.377812,65.875,8.9625,2.2875,0.925,-2.125,0.019874999999999986,0.09499999999999999,0.17225,0.579875,0.062625,10.2
Draymond Green,9565.4,27.5,199.898,104.32616,68.5,8.59,6.94,5.7,8.03,0.04149999999999998,0.1989,0.1527,0.5234,0.24339999999999998,8.5
Drew Eubanks,11011.5,23.5,206.375,111.13004,42.5,5.05,3.825,0.75,-9.6,0.08549999999999995,0.20525,0.15875,0.646,0.0955,6.6
Duane Washington Jr.,11801.0,22.0,190.5,89.357624,48.0,9.9,1.7,1.8,-5.9,0.004,0.0819999999999999,0.214,0.521,0.128,7.9
Duncan Robinson,11011.75,26.5,201.295,96.95528999999999,59.75,10.2,2.65,1.275,0.3749999999999999,0.00775,0.097,0.15675,0.59975,0.07249999999999998,6.4
Dwight Powell,10082.25,26.5,209.8675,108.86208,63.875,7.3375,4.4,1.0,0.675,0.083125,0.168875,0.15299999999999997,0.640625,0.07874999999999997,6.7
Dylan Windler,11504.0,24.5,198.12,88.904032,40.5,3.7,2.65,0.9,-3.25,0.043,0.1585,0.1275,0.543,0.1,1.7
Edmond Sumner,10525.5,23.5,194.945,85.728888,27.0,4.325,1.325,0.775,-32.7,0.0205,0.18025,0.175,0.6399999999999999,0.07624999999999997,7.1
Eric Gordon,8608.92857142857,26.5,191.5885714285714,97.975872,53.5,16.635714285714286,2.4,2.8642857142857143,-0.08571428571428576,0.012285714285714271,0.06799999999999999,0.2289285714285714,0.5597142857142857,0.14185714285714282,12.4
Eugene Omoruyi,11761.0,25.0,198.12,106.59412,4.0,1.8,1.8,0.5,11.9,0.111,0.278,0.156,0.518,0.1669999999999999,7.0
Evan Fournier,9558.4,24.5,199.898,92.532768,64.5,14.09,2.67,2.57,-1.23,0.014799999999999971,0.0856,0.2138,0.5678,0.1411,6.1
Evan Mobley,11739.0,21.0,210.82,97.52228,69.0,15.0,8.3,2.5,1.7,0.063,0.174,0.201,0.5489999999999999,0.1169999999999999,16.2
Facundo Campazzo,11466.0,30.5,177.8,88.45044,65.0,5.6,1.9500000000000002,3.5,-2.9,0.017,0.0805,0.1355,0.5305,0.2455,1.3
Frank Jackson,10968.75,22.5,190.5,92.98636,53.25,8.7,1.85,1.0,-4.05,0.02,0.07624999999999998,0.19775,0.5387500000000001,0.08574999999999999,0.0
Frank Kaminsky,10280.857142857143,26.0,213.35999999999999,109.12127542857142,53.857142857142854,9.4,4.114285714285714,1.6142857142857143,1.757142857142857,0.04314285714285714,0.16614285714285712,0.19742857142857143,0.5534285714285715,0.12442857142857143,2.5
Frank Ntilikina,10747.6,21.0,194.564,89.811216,53.8,4.9399999999999995,1.7399999999999998,2.16,-2.78,0.0172,0.08239999999999999,0.156,0.47519999999999996,0.1716,2.9
Franz Wagner,11745.0,20.0,208.28,99.79024,79.0,15.2,4.5,2.9,-4.9,0.033,0.106,0.208,0.5589999999999999,0.151,18.6
Fred VanVleet,10540.5,25.5,184.14999999999998,88.90403199999999,58.0,13.333333333333334,3.0833333333333335,4.75,7.183333333333334,0.013999999999999999,0.09983333333333332,0.20966666666666667,0.5295,0.24416666666666667,19.3
Furkan Korkmaz,10748.0,22.0,200.66,89.4483424,51.2,6.779999999999999,2.0,1.1800000000000002,-3.22,0.0168,0.10800000000000001,0.175,0.5078,0.0994,3.8
Gabe Vincent,11199.333333333334,25.0,190.5,90.71840000000002,42.333333333333336,5.3,1.2,1.7,-6.233333333333333,0.009999999999999967,0.06166666666666667,0.18466666666666667,0.4486666666666667,0.15966666666666665,9.4
Gabe York,11750.0,28.0,190.5,86.18248,2.0,4.0,1.0,2.0,-14.6,0.0,0.143,0.179,0.435,0.222,8.0
Garrett Temple,8970.166666666666,30.333333333333332,197.485,88.26144333333333,57.583333333333336,6.05,2.216666666666667,1.6833333333333333,-3.283333333333333,0.021083333333333315,0.09549999999999999,0.15158333333333332,0.5041666666666667,0.12825,2.0
Garrison Mathews,11204.666666666666,24.0,195.58,97.52227999999998,49.0,6.966666666666666,1.8666666666666665,0.6666666666666666,-1.4666666666666668,0.01933333333333333,0.07766666666666666,0.12833333333333327,0.6426666666666666,0.048999999999999995,4.8
Gary Harris,10039.125,23.5,193.04,95.25432,58.5,11.55,2.4375,2.0375,-1.7375000000000003,0.02224999999999999,0.06725,0.172875,0.537,0.101,8.3
Gary Payton II,10558.166666666666,26.5,190.5,87.31646,23.666666666666668,3.9166666666666665,2.0,1.1833333333333333,0.06666666666666717,0.047499999999999966,0.12949999999999998,0.16,0.5904999999999999,0.15966666666666665,4.6
Gary Trent Jr.,10928.25,21.5,196.215,94.347136,51.0,11.3,1.9000000000000001,1.175,-1.1500000000000001,0.012749999999999977,0.06775,0.19474999999999998,0.511,0.06825,17.4
George Hill,8570.07142857143,29.5,189.9557142857143,84.30331314285715,62.07142857142857,10.771428571428572,3.0285714285714285,3.1357142857142857,5.314285714285714,0.024571428571428532,0.09528571428571428,0.1752857142857143,0.5724285714285714,0.17985714285714285,5.0
Georges Niang,10564.166666666666,26.5,201.08333333333334,104.40175866666668,50.833333333333336,4.6499999999999995,1.7,0.65,-2.616666666666667,0.03316666666666665,0.1361666666666666,0.1735,0.5103333333333333,0.09633333333333331,8.2
Giannis Antetokounmpo,9784.333333333334,23.0,210.25555555555556,103.62057244444445,72.88888888888889,22.37777777777778,9.588888888888889,4.688888888888889,4.9,0.055555555555555546,0.2353333333333333,0.2773333333333333,0.5951111111111111,0.24022222222222223,31.1
Goga Bitadze,11202.333333333334,21.0,211.66666666666666,113.39799999999998,49.666666666666664,5.1000000000000005,2.9333333333333336,0.7666666666666667,-1.5333333333333332,0.08433333333333333,0.14433333333333334,0.17666666666666664,0.547,0.08766666666666667,4.4
Goran Dragic,8577.214285714286,29.5,190.68142857142857,85.85848571428572,63.42857142857143,13.242857142857144,3.057142857142857,4.7,0.9357142857142857,0.028571428571428557,0.09492857142857143,0.22435714285714287,0.5454285714285715,0.26928571428571424,6.3
Gordon Hayward,9047.0,26.5,202.56499999999997,100.16823333333333,61.166666666666664,14.575000000000001,4.3,3.2416666666666667,3.125,0.025083333333333322,0.13516666666666666,0.21258333333333335,0.5645833333333333,0.162,14.7
Gorgui Dieng,9781.111111111111,28.0,209.97333333333333,111.23083822222222,66.33333333333333,7.177777777777777,5.455555555555556,1.2666666666666666,-4.644444444444444,0.088,0.218,0.16577777777777772,0.5822222222222222,0.10488888888888888,3.9
Grant Williams,11220.0,22.0,198.12,107.047712,69.66666666666667,5.3,3.0,1.0,2.966666666666667,0.042666666666666665,0.10866666666666668,0.11833333333333329,0.5619999999999999,0.07399999999999997,8.1
Grayson Allen,10952.25,24.5,193.675,89.811216,48.0,9.0,2.35,1.45,-3.525,0.01199999999999995,0.08824999999999997,0.18024999999999997,0.58,0.09924999999999998,10.4
Greg Brown III,11859.0,20.0,200.66,93.439952,48.0,4.7,2.8,0.7,-17.6,0.057,0.15,0.168,0.515,0.087,1.8
Hamidou Diallo,10967.5,21.5,195.58,91.171992,51.75,8.3,3.875,1.075,-5.5249999999999995,0.051500000000000004,0.13925,0.191,0.5175000000000001,0.08374999999999999,9.3
Harrison Barnes,9579.1,25.5,203.2,100.697424,74.7,14.2,5.14,1.9,0.36,0.03389999999999997,0.1338,0.1881,0.5597,0.08659999999999998,15.0
Haywood Highsmith,10990.0,23.5,196.85,99.79024,12.0,2.05,1.2,0.35,-18.05,0.02799999999999995,0.11999999999999994,0.123,0.43,0.0595,4.4
Herbert Jones,11852.0,23.0,200.66,93.439952,78.0,9.5,3.8,2.1,2.0,0.0409999999999999,0.086,0.136,0.573,0.0969999999999999,9.8
Immanuel Quickley,11554.5,22.5,190.5,86.18248,71.0,11.350000000000001,2.6500000000000004,2.75,6.85,0.018500000000000003,0.1,0.23149999999999998,0.55,0.20399999999999996,14.9
Isaac Okoro,11554.5,20.5,195.58,102.0582,67.0,9.2,3.05,1.85,-2.8,0.034,0.0655,0.1325,0.5515,0.08449999999999999,6.4
Isaiah Hartenstein,11002.5,22.5,213.36,113.28460199999999,41.25,5.0,3.6,1.225,6.85,0.10174999999999998,0.17075,0.15499999999999997,0.62075,0.13375,5.0
Isaiah Jackson,11846.0,20.0,208.28,92.98636,36.0,8.3,4.1,0.3,-2.8,0.109,0.157,0.214,0.607,0.027,7.2
Isaiah Joe,11554.0,21.5,193.04,74.84268,48.0,3.6500000000000004,0.95,0.55,1.75,0.01199999999999995,0.081,0.1535,0.526,0.076,9.5
Isaiah Livers,11844.0,23.0,198.12,105.233344,19.0,6.4,3.0,1.1,-0.8,0.037,0.109,0.125,0.629,0.077,6.7
Isaiah Roby,11270.333333333334,23.0,203.19999999999996,104.32616,36.333333333333336,6.266666666666666,3.6999999999999997,1.1333333333333335,-11.466666666666667,0.043666666666666666,0.16033333333333324,0.14233333333333334,0.3873333333333333,0.0783333333333333,4.1
Isaiah Stewart,11562.5,20.5,203.2,113.398,69.5,8.100000000000001,7.699999999999999,1.05,-5.75,0.108,0.20500000000000002,0.147,0.5735,0.067,11.3
Isaiah Todd,11861.0,20.0,205.74,99.336648,12.0,1.7,1.0,0.3,-15.6,0.034,0.123,0.188,0.349,0.095,1.5
Ish Smith,9088.25,27.5,182.88,79.3786,59.916666666666664,6.916666666666667,2.35,3.608333333333334,-3.0083333333333333,0.02016666666666666,0.1133333333333333,0.19158333333333333,0.45625,0.2955,2.5
Ish Wainright,11874.0,27.0,195.58,113.398,45.0,2.4,1.2,0.3,5.6,0.066,0.072,0.134,0.494,0.057,4.2
Ivica Zubac,10608.5,22.5,214.63,108.86208,60.0,7.95,6.066666666666666,1.0833333333333333,1.3166666666666667,0.10949999999999999,0.20950000000000002,0.1755,0.6186666666666666,0.08883333333333332,10.8
JT Thor,11872.0,19.0,205.74,92.079176,33.0,2.0,1.3,0.6,0.3,0.04,0.111,0.1159999999999999,0.525,0.0969999999999999,3.8
Ja Morant,11270.0,21.0,190.5,78.92500799999999,62.333333333333336,21.433333333333334,4.533333333333334,7.133333333333333,2.033333333333333,0.029333333333333333,0.10166666666666667,0.2843333333333333,0.556,0.33499999999999996,26.2
JaMychal Green,10096.0,28.5,204.47,103.135481,60.875,7.4875,5.4625,0.875,-2.1875,0.08549999999999999,0.201125,0.16825,0.57425,0.06537499999999997,6.4
JaVale McGee,8602.785714285714,27.5,213.35999999999999,119.06790000000001,58.642857142857146,7.578571428571428,4.964285714285714,0.40714285714285714,-1.907142857142857,0.1189285714285714,0.1987142857142857,0.20149999999999998,0.5812142857142858,0.04092857142857143,4.4
Jaden McDaniels,11571.0,20.5,205.74,83.91452,66.5,8.0,3.95,1.1,-1.4,0.035,0.11649999999999999,0.1335,0.5525,0.0635,12.1
Jaden Springer,11865.0,19.0,193.04,91.625584,2.0,1.0,1.0,0.0,-72.4,0.143,0.125,0.118,1.0,0.0,2.6
Jae Crowder,9582.8,26.5,198.12,106.59412,73.5,9.7,4.35,1.65,4.65,0.029299999999999982,0.14409999999999998,0.16149999999999998,0.5468,0.09009999999999999,6.9
Jae'Sean Tate,11570.0,25.5,193.04,104.32616,74.0,11.55,5.35,2.65,-6.35,0.0615,0.1265,0.17749999999999994,0.5715000000000001,0.14900000000000002,9.1
Jakob Poeltl,10572.333333333334,23.5,214.63,107.7281,69.33333333333333,7.2,6.016666666666667,1.4333333333333333,4.133333333333334,0.12116666666666664,0.17349999999999996,0.13766666666666666,0.6213333333333333,0.08933333333333333,12.5
Jalen Brunson,10993.75,23.5,186.69,86.18248,69.25,11.6,3.0,3.7,3.5250000000000004,0.01725,0.10224999999999998,0.19899999999999998,0.57575,0.235,24.0
Jalen Green,11809.0,20.0,193.04,84.368112,67.0,17.3,3.4,2.6,-11.3,0.015,0.088,0.2339999999999999,0.547,0.132,22.1
Jalen Johnson,11810.0,20.0,203.2,99.336648,22.0,2.4,1.2,0.1,-10.0,0.016,0.175,0.183,0.59,0.045,5.6
Jalen McDaniels,11244.666666666666,23.0,206.58666666666667,92.98636,39.333333333333336,6.3999999999999995,3.6,1.0,-3.466666666666667,0.04533333333333334,0.14933333333333335,0.15066666666666664,0.5743333333333333,0.08266666666666667,9.4
Jalen Smith,11549.0,21.5,208.28,97.52228,39.0,5.6,3.7,0.3,-0.8500000000000001,0.07249999999999995,0.195,0.177,0.5469999999999999,0.0375,9.4
Jalen Suggs,11813.0,21.0,195.58,92.98636,48.0,11.8,3.6,4.4,-7.1,0.019,0.102,0.244,0.455,0.249,9.9
Jamal Murray,10318.8,22.0,192.53199999999998,95.34503839999999,69.0,16.9,3.7,3.9799999999999995,4.5600000000000005,0.0264,0.09759999999999995,0.2344,0.5566,0.18919999999999998,20.0
James Bouknight,11814.0,21.0,193.04,86.18248,31.0,4.6,1.7,0.8,-6.2,0.064,0.09,0.226,0.4589999999999999,0.132,5.6
James Harden,8840.076923076924,26.0,195.57999999999998,99.96469846153846,72.46153846153847,24.853846153846156,5.699999999999999,6.93076923076923,5.653846153846154,0.024846153846153837,0.14623076923076922,0.2933846153846154,0.6080769230769231,0.32538461538461544,21.0
James Johnson,8839.23076923077,29.0,204.1769230769231,111.09514830769231,57.46153846153846,7.538461538461538,3.530769230769231,2.076923076923077,-2.4615384615384617,0.04469230769230766,0.14115384615384616,0.18123076923076922,0.5333846153846153,0.152,2.8
James Wiseman,11275.0,20.0,213.36,108.86208,39.0,11.5,5.8,0.7,-8.8,0.063,0.19,0.231,0.552,0.05,10.0
Jared Butler,11819.0,21.0,190.5,87.543256,42.0,3.8,1.1,1.5,-0.1,0.0139999999999999,0.102,0.221,0.509,0.258,6.2
Jaren Jackson Jr.,10978.5,20.5,210.82,109.769264,51.0,15.475,5.175,1.175,-1.875,0.048,0.14024999999999999,0.24225,0.5675,0.06974999999999998,18.6
Jarred Vanderbilt,10967.0,21.5,205.74,97.068688,41.5,3.7,4.1,0.725,-3.7499999999999996,0.088,0.19274999999999998,0.1345,0.60325,0.0695,7.9
Jarrell Brantley,10948.0,24.5,195.58,113.398,18.5,2.5,1.6,0.85,-13.05,0.039,0.15699999999999995,0.16849999999999998,0.5105,0.1815,5.5
Jarrett Allen,10772.0,22.0,210.31199999999998,108.86207999999999,68.2,11.82,8.84,1.4,-1.5799999999999998,0.1014,0.20719999999999997,0.16160000000000002,0.6582,0.0766,14.3
Jarrett Culver,11240.0,22.0,198.12,88.45044,44.666666666666664,6.0,2.6,1.0999999999999999,-5.433333333333334,0.0443333333333333,0.1083333333333333,0.18833333333333332,0.4586666666666666,0.10633333333333334,4.4
Javonte Green,11244.333333333334,27.0,193.88666666666666,92.98636,51.333333333333336,4.733333333333333,2.6,0.6,0.26666666666666666,0.0563333333333333,0.118,0.128,0.6036666666666667,0.05933333333333333,5.2
Jaxson Hayes,11243.666666666666,21.0,210.82000000000002,99.79024,64.66666666666667,8.066666666666668,4.266666666666667,0.7000000000000001,-0.7333333333333334,0.084,0.149,0.15366666666666665,0.6813333333333333,0.05933333333333333,5.0
Jay Huff,11835.0,24.0,215.9,108.86208,4.0,0.0,1.0,0.3,36.5,0.04,0.111,0.083,0.0,0.071,7.3
Jay Scrubb,11534.0,20.5,195.58,99.79024,11.0,5.75,2.2,0.35,2.0500000000000003,0.019,0.12000000000000001,0.2025,0.472,0.055,6.5
Jaylen Brown,10553.333333333334,22.5,199.39,101.22661466666666,67.16666666666667,17.116666666666667,5.066666666666666,2.1333333333333333,4.4,0.03166666666666667,0.13699999999999998,0.23983333333333334,0.5651666666666667,0.11116666666666668,26.6
Jaylen Nowell,11242.333333333334,21.0,193.04,91.171992,39.666666666666664,7.1000000000000005,1.7333333333333332,1.6333333333333335,-0.8666666666666666,0.02,0.08766666666666667,0.19199999999999998,0.5266666666666667,0.1736666666666666,10.8
Jayson Tatum,10773.2,22.0,203.2,94.6192912,73.0,21.259999999999998,6.68,3.08,7.88,0.02579999999999998,0.16560000000000002,0.26020000000000004,0.5708,0.1444,30.1
Jeff Green,8482.07142857143,28.214285714285715,205.1957142857143,106.59412,75.07142857142857,12.485714285714286,4.228571428571429,1.5285714285714285,-2.314285714285714,0.03214285714285713,0.12585714285714283,0.19614285714285715,0.5543571428571429,0.08499999999999998,7.8
Jerami Grant,10105.5,24.5,204.1525,96.3883,69.375,12.125,3.95,1.4625,-3.3125,0.032875,0.1205,0.18612499999999998,0.55425,0.085375,20.5
Jeremiah Robinson-Earl,12111.0,21.0,203.2,109.769264,49.0,7.5,5.6,1.0,-9.8,0.061,0.172,0.152,0.526,0.069,6.8
Jericho Sims,12213.0,23.0,205.74,113.398,41.0,2.2,4.1,0.5,6.5,0.108,0.187,0.068,0.674,0.054,3.4
Jevon Carter,11087.75,24.5,186.055,90.264808,55.75,4.4,1.725,1.475,-1.45,0.022499999999999975,0.09599999999999997,0.145,0.5185,0.14925,8.0
Jimmy Butler,9360.272727272728,27.0,201.12181818181818,102.6354989090909,62.72727272727273,17.527272727272727,5.236363636363636,4.127272727272727,5.418181818181818,0.05245454545454544,0.11754545454545452,0.21990909090909092,0.5725454545454546,0.19427272727272726,22.9
Jock Landale,12209.0,26.0,210.82,115.66596,54.0,4.9,2.6,0.8,-1.1,0.094,0.118,0.172,0.597,0.115,6.6
Joe Harris,10137.5,26.5,198.12,99.79024,51.75,9.4875,2.9,1.3625,-9.225,0.017124999999999974,0.13412499999999997,0.156875,0.5802499999999999,0.09799999999999999,7.6
Joe Ingles,10138.125,30.5,202.8825,100.92421999999999,73.75,8.625,3.2375,3.7625,4.8625,0.013249999999999975,0.11512499999999999,0.14575,0.591375,0.203125,6.9
Joe Wieskamp,12205.0,22.0,198.12,92.98636,29.0,2.1,0.5,0.3,1.5,0.017,0.045,0.129,0.494,0.065,1.0
Joel Embiid,10654.833333333334,25.5,213.36,120.20188,54.666666666666664,25.45,11.049999999999999,3.1666666666666665,7.933333333333334,0.08033333333333333,0.26666666666666666,0.3436666666666666,0.5986666666666666,0.18516666666666667,33.1
John Collins,10885.0,22.0,206.756,105.7776544,58.6,17.080000000000002,8.48,1.56,-1.52,0.08119999999999997,0.1956,0.20879999999999996,0.6322,0.08399999999999999,13.1
John Konchar,11405.333333333334,25.0,195.58,95.25432,44.666666666666664,3.9666666666666663,3.3666666666666667,1.2666666666666666,3.233333333333334,0.06966666666666667,0.165,0.10599999999999994,0.6453333333333333,0.127,5.1
John Wall,8640.7,24.6,192.786,91.171992,61.3,19.18,4.14,8.879999999999999,-0.9600000000000002,0.01689999999999997,0.11000000000000001,0.2767,0.516,0.4044,11.4
Jonas Valanciunas,9652.3,25.5,212.09,115.30308640000001,69.5,13.51,9.45,1.21,1.72,0.11510000000000001,0.2652,0.21139999999999998,0.616,0.07379999999999998,14.1
Jonathan Isaac,10433.666666666666,21.0,209.12666666666667,98.27826666666668,45.333333333333336,8.966666666666667,5.333333333333333,1.0666666666666667,-2.3,0.04433333333333326,0.15666666666666665,0.16333333333333333,0.5180000000000001,0.06066666666666667,5.0
Jonathan Kuminga,12216.0,19.0,200.66,102.0582,70.0,9.3,3.3,0.9,1.9,0.047,0.139,0.2269999999999999,0.6,0.087,9.9
Jordan Clarkson,10198.625,26.5,194.6275,87.486557,75.0,15.3,3.2875,2.5625,-3.0625,0.030749999999999975,0.09387499999999999,0.25137499999999996,0.53825,0.16175,20.8
Jordan Goodwin,12231.0,23.0,190.5,90.7184,2.0,0.0,0.5,0.0,-110.0,0.0,0.2,0.25,0.0,0.0,6.6
Jordan McLaughlin,11423.666666666666,25.0,180.34,83.91452,47.666666666666664,5.466666666666666,1.7333333333333334,3.6333333333333333,-3.233333333333333,0.017666666666666667,0.08133333333333333,0.133,0.5413333333333333,0.2843333333333333,3.7
Jordan Nwora,11830.0,22.5,203.2,102.0582,46.0,6.800000000000001,2.8,0.6,-1.65,0.0315,0.1545,0.2205,0.546,0.055499999999999994,8.7
Jordan Poole,11533.333333333334,22.0,193.04,87.996848,61.333333333333336,13.1,2.433333333333333,2.766666666666667,-0.2999999999999998,0.0123333333333333,0.085,0.23266666666666666,0.5443333333333333,0.17600000000000002,20.4
Jordan Schakel,12227.0,24.0,198.12,90.7184,4.0,1.3,2.0,0.0,7.9,0.063,0.188,0.191,0.21,0.0,1.5
Jose Alvarado,12226.0,24.0,182.88,81.19296800000001,54.0,6.1,1.9,2.8,7.3,0.0289999999999999,0.094,0.174,0.52,0.261,9.0
Josh Christopher,12232.0,20.0,190.5,97.52228,74.0,7.9,2.5,2.0,-9.2,0.037,0.103,0.205,0.534,0.17,5.8
Josh Giddey,12225.0,19.0,203.2,92.98636,54.0,12.5,7.8,6.4,-8.3,0.052,0.175,0.218,0.478,0.325,16.6
Josh Green,11912.5,20.5,195.58,90.7184,53.0,3.7,2.2,0.95,2.8,0.054,0.1075,0.12099999999999995,0.534,0.0965,9.1
Josh Hart,10964.0,25.0,195.58,97.52228,59.2,9.98,5.92,2.1599999999999997,-1.94,0.030199999999999984,0.17279999999999998,0.146,0.5721999999999999,0.1062,9.8
Josh Okogie,11295.0,21.5,193.04,96.50169799999999,61.0,6.1,2.8,1.1,-2.45,0.042,0.092,0.1325,0.5237499999999999,0.07375,7.3
Josh Richardson,10423.714285714286,25.0,197.03142857142856,90.7184,62.57142857142857,11.757142857142856,3.1,2.6142857142857143,1.957142857142857,0.023999999999999987,0.08271428571428571,0.17657142857142857,0.5417142857142857,0.1285714285714286,10.1
Joshua Primo,12234.0,19.0,193.04,85.728888,50.0,5.8,2.3,1.6,-3.3,0.031,0.079,0.152,0.487,0.111,7.0
Jrue Holiday,8939.307692307691,26.0,192.45384615384617,90.36948307692309,64.53846153846153,16.138461538461538,3.9923076923076923,6.476923076923077,2.5615384615384613,0.028615384615384598,0.09746153846153846,0.2316923076923077,0.5367692307692308,0.29838461538461536,19.3
Juan Toscano-Anderson,11531.333333333334,28.0,198.12,94.800728,46.333333333333336,5.033333333333333,3.6,2.1666666666666665,-1.7666666666666668,0.028999999999999998,0.15933333333333333,0.12566666666666668,0.5886666666666667,0.16833333333333333,3.0
Juancho Hernangomez,10658.333333333334,23.5,205.74,100.697424,49.5,5.083333333333333,3.25,0.6333333333333333,-2.1999999999999997,0.052833333333333336,0.16466666666666666,0.141,0.5486666666666666,0.057333333333333326,2.9
Julius Randle,10177.75,23.5,204.7875,113.398,64.75,15.9625,8.1625,3.1625,-13.475,0.05562499999999999,0.207,0.2445,0.512875,0.16249999999999998,25.1
Justin Champagnie,12165.0,21.0,198.12,93.439952,36.0,2.3,2.0,0.3,7.4,0.111,0.126,0.111,0.5710000000000001,0.051,2.2
Justin Holiday,9887.333333333334,28.88888888888889,198.12,82.95693688888889,64.0,8.088888888888889,2.7333333333333334,1.488888888888889,-1.1888888888888889,0.014333333333333313,0.10433333333333333,0.16355555555555554,0.5195555555555555,0.09777777777777777,4.5
Justin Jackson,10952.2,25.0,202.69199999999998,97.97587200000001,51.0,5.74,2.2199999999999998,0.9800000000000001,-5.32,0.0224,0.1182,0.16040000000000001,0.5132,0.096,0.9
Justise Winslow,10416.285714285714,23.0,199.57142857142858,101.47501028571428,45.0,8.785714285714286,5.214285714285714,2.7714285714285714,1.4714285714285715,0.04071428571428571,0.15957142857142856,0.18114285714285713,0.4587142857142857,0.15071428571428572,6.8
Jusuf Nurkic,10181.125,23.5,212.4075,128.423235,51.375,12.4125,8.5875,2.4,1.9375,0.10699999999999997,0.24987499999999999,0.2365,0.5345,0.145625,13.3
KZ Okpala,11514.666666666666,22.0,203.19999999999996,97.52227999999998,21.0,2.533333333333333,1.5999999999999999,0.4666666666666666,-11.933333333333332,0.043000000000000003,0.12733333333333333,0.11933333333333333,0.5213333333333333,0.07299999999999997,1.3
Kai Jones,12173.0,21.0,208.28,100.243832,21.0,1.0,0.5,0.2,-11.1,0.045,0.114,0.15,0.628,0.103,3.4
Karl-Anthony Towns,10414.0,23.0,212.27142857142857,111.97242514285713,68.85714285714286,23.571428571428573,11.242857142857144,3.2857142857142856,1.0999999999999999,0.08885714285714284,0.252,0.26599999999999996,0.6242857142857143,0.15885714285714284,20.8
Kawhi Leonard,9158.4,25.5,200.66,103.418976,57.6,19.05,6.2700000000000005,2.9,9.6,0.043099999999999986,0.1728,0.2506,0.5949,0.15230000000000002,23.8
Keita Bates-Diop,11265.0,24.5,203.83499999999998,103.872568,40.75,4.95,2.8,0.6,-5.6499999999999995,0.03924999999999997,0.14425,0.146,0.531,0.06125,9.7
Keldon Johnson,11509.666666666666,21.0,196.42666666666665,99.79024,53.666666666666664,12.966666666666667,5.166666666666667,1.5999999999999999,3.2000000000000006,0.036333333333333336,0.15233333333333332,0.18766666666666657,0.614,0.08133333333333333,22.0
Kelly Olynyk,9931.888888888889,27.0,212.51333333333335,108.71088266666668,67.77777777777777,10.033333333333333,5.022222222222222,2.0777777777777775,0.9444444444444444,0.0581111111111111,0.182,0.19533333333333333,0.5868888888888889,0.145,12.5
Kelly Oubre Jr.,10407.0,23.0,200.29714285714286,92.59756685714287,68.42857142857143,12.299999999999999,4.428571428571429,1.0142857142857142,-2.0714285714285716,0.037142857142857144,0.13842857142857143,0.19828571428571426,0.5367142857142857,0.05728571428571427,20.3
Kemba Walker,9431.363636363636,27.0,184.72727272727272,83.46092800000001,67.36363636363636,18.900000000000002,3.7636363636363637,5.154545454545455,-1.2454545454545454,0.017181818181818173,0.10572727272727271,0.262,0.5354545454545454,0.2680909090909091,8.0
Kendrick Nunn,11164.5,24.5,187.96,86.18248,61.5,14.95,2.95,2.95,0.39999999999999997,0.012,0.0875,0.22049999999999997,0.565,0.161,7.1
Kenrich Williams,11258.0,25.5,198.755,95.25432,50.0,6.25,4.55,1.95,-2.35,0.05474999999999997,0.1385,0.12675,0.51125,0.12325,8.0
Kentavious Caldwell-Pope,9923.777777777777,25.0,195.58,92.83516266666668,75.88888888888889,11.544444444444444,3.155555555555556,1.6888888888888889,-0.6000000000000001,0.021111111111111112,0.08833333333333332,0.16744444444444445,0.5436666666666666,0.08188888888888889,10.8
Kenyon Martin Jr.,11879.0,20.5,196.85000000000002,97.52228,62.0,9.05,4.6,1.2000000000000002,-9.2,0.055,0.14500000000000002,0.156,0.5965,0.0795,12.7
Keon Johnson,12190.0,20.0,193.04,83.91452,37.0,7.2,2.2,2.1,-19.0,0.031,0.083,0.207,0.4529999999999999,0.174,4.7
Kessler Edwards,12196.0,21.0,200.66,92.079176,48.0,5.9,3.6,0.6,-3.3,0.043,0.124,0.132,0.516,0.04,2.8
Kevin Durant,8287.714285714286,25.642857142857142,206.10285714285715,106.27012571428573,67.07142857142857,27.099999999999998,7.1000000000000005,4.392857142857143,6.3500000000000005,0.02114285714285714,0.17878571428571427,0.29764285714285715,0.6195,0.20249999999999999,29.1
Kevin Huerter,11244.5,21.5,200.66,87.089664,68.5,11.475,3.525,3.225,-0.7,0.019249999999999975,0.09525,0.16449999999999992,0.5449999999999999,0.14900000000000002,15.2
Kevin Knox II,11244.5,20.5,201.93,97.52228,53.0,6.550000000000001,2.575,0.7000000000000001,-9.875,0.03025,0.11899999999999997,0.18249999999999997,0.49324999999999997,0.06925,6.6
Kevin Love,8678.42857142857,26.5,207.19142857142856,114.79117542857144,58.0,17.507142857142856,10.742857142857144,2.3428571428571425,-0.8714285714285713,0.08457142857142856,0.29071428571428565,0.2416428571428571,0.5649285714285714,0.12349999999999998,8.2
Kevin Porter Jr.,11489.333333333334,21.0,193.04,92.079176,45.666666666666664,14.066666666666668,3.8000000000000003,4.8999999999999995,-10.166666666666666,0.020666666666666667,0.11,0.2293333333333333,0.5313333333333333,0.24733333333333332,19.2
Kevon Looney,10396.857142857143,23.0,205.74,100.17903314285715,52.42857142857143,4.014285714285714,4.1,1.0857142857142856,-4.499999999999999,0.1147142857142857,0.19399999999999998,0.127,0.5691428571428572,0.09157142857142857,7.0
Khem Birch,10937.6,27.0,205.74,104.50759680000002,52.4,5.0200000000000005,4.56,0.9800000000000001,-1.3599999999999999,0.10559999999999994,0.1534,0.12179999999999998,0.5748,0.08259999999999999,2.2
Khris Middleton,9691.9,25.5,201.93,101.9221224,65.1,16.43,4.6899999999999995,3.6399999999999997,4.26,0.0195,0.1357,0.22529999999999997,0.5685,0.17309999999999998,15.1
Killian Hayes,11916.5,19.5,195.58,88.45044,46.0,6.85,2.95,4.75,-10.2,0.014499999999999999,0.1,0.16949999999999998,0.4415,0.271,10.3
Kira Lewis Jr.,11927.5,20.5,185.42,77.11064,39.0,6.15,1.4500000000000002,2.15,-6.6499999999999995,0.0175,0.07350000000000001,0.1925,0.47150000000000003,0.215,4.6
Klay Thompson,9054.0,26.22222222222222,200.3777777777778,96.26230222222222,71.88888888888889,19.5,3.488888888888889,2.3555555555555556,7.822222222222223,0.015222222222222212,0.09344444444444443,0.25166666666666665,0.57,0.11366666666666664,21.9
Kobi Simmons,10102.0,20.5,193.04,77.11064,16.5,3.05,0.8,1.05,24.85,0.0105,0.031,0.0815,0.245,0.0785,1.0
Kris Dunn,10643.666666666666,25.5,191.76999999999998,93.36435333333334,40.833333333333336,7.45,3.183333333333333,3.983333333333333,-10.316666666666666,0.0155,0.12633333333333333,0.17716666666666667,0.42966666666666664,0.23766666666666666,13.2
Kristaps Porzingis,10383.5,23.0,220.98,108.86208,56.166666666666664,19.3,7.933333333333334,1.6166666666666665,0.85,0.057999999999999975,0.1968333333333333,0.26699999999999996,0.5521666666666667,0.08566666666666667,23.2
Kyle Anderson,10164.375,24.5,205.74,104.32616,63.125,6.475,4.3375,2.2625,2.1875,0.03362499999999999,0.179625,0.141875,0.526375,0.14875,9.4
Kyle Kuzma,10929.0,24.0,205.74,100.0623952,68.4,15.52,6.18,2.2,-1.0599999999999998,0.0358,0.1572,0.2218,0.5438000000000001,0.10879999999999998,21.2
Kyle Lowry,8219.8125,28.5,183.03875,90.264808,63.9375,14.4375,4.35625,6.25625,4.31875,0.030249999999999992,0.12418749999999999,0.20681249999999998,0.5661875,0.300125,11.2
Kyrie Irving,9425.272727272728,25.0,189.80727272727273,87.62572727272727,55.54545454545455,23.472727272727273,3.963636363636364,5.754545454545454,2.1545454545454543,0.02481818181818181,0.09718181818181816,0.2905454545454545,0.578,0.28763636363636363,27.1
LaMelo Ball,11854.0,19.5,199.39,81.64656,63.0,17.9,6.300000000000001,6.85,-0.8,0.041499999999999954,0.159,0.259,0.5465,0.3315,23.3
Lamar Stevens,11855.0,23.5,198.12,104.32616,51.5,5.1,2.5,0.6499999999999999,-5.8500000000000005,0.046,0.12849999999999995,0.16049999999999995,0.5325,0.07250000000000001,5.3
Landry Shamet,11244.0,23.5,193.675,85.95568399999999,65.5,9.0,1.8,1.65,3.0,0.00825,0.06424999999999997,0.15024999999999997,0.578,0.09524999999999997,8.7
Larry Nance Jr.,10401.142857142857,26.0,203.56285714285715,107.24210857142857,56.57142857142857,8.157142857142857,6.471428571428571,1.9571428571428573,-4.371428571428571,0.07971428571428572,0.19457142857142853,0.14057142857142857,0.5791428571428572,0.11442857142857142,6.8
Lauri Markkanen,10955.0,23.0,212.852,107.954896,56.4,15.4,6.76,1.26,-3.08,0.0356,0.18899999999999997,0.21159999999999995,0.5732,0.0648,25.6
LeBron James,7512.0,28.0,203.60105263157894,112.4430694736842,71.89473684210526,27.110526315789475,7.5,7.368421052631579,6.7,0.035052631578947356,0.18347368421052632,0.31294736842105264,0.5896842105263158,0.352,28.9
Leandro Bolmaro,12107.0,21.0,198.12,90.7184,35.0,1.4,1.2,0.6,0.2,0.062,0.107,0.122,0.419,0.118,0.4
Lindell Wigginton,12106.0,24.0,185.42,85.728888,19.0,4.2,1.3,1.2,-11.8,0.015,0.106,0.183,0.524,0.1669999999999999,7.1
Lindy Waters III,12105.0,24.0,198.12,97.52228,25.0,8.0,2.9,1.0,-4.7,0.012,0.14,0.166,0.562,0.078,5.2
Lonnie Walker IV,11331.25,21.5,194.31,92.64616600000001,52.0,8.075,2.125,1.375,-8.5,0.010499999999999999,0.105,0.20249999999999996,0.497,0.11849999999999997,11.7
Louis King,11618.333333333334,22.0,200.66,92.98636,8.666666666666666,4.6000000000000005,1.7333333333333334,0.9666666666666667,-1.4000000000000001,0.022000000000000002,0.13033333333333333,0.18300000000000002,0.49533333333333324,0.14333333333333334,20.0
Luguentz Dort,11608.333333333334,22.0,190.5,97.52227999999998,46.333333333333336,12.666666666666666,3.3666666666666667,1.4000000000000001,-3.633333333333333,0.024333333333333332,0.08499999999999996,0.19499999999999998,0.52,0.074,13.7
Luka Doncic,11366.5,21.5,200.66,102.965384,66.0,26.525,8.575,8.025,2.4,0.03025,0.21349999999999997,0.34225,0.5720000000000001,0.4135,32.4
Luka Garza,12098.0,23.0,208.28,110.222856,32.0,5.8,3.1,0.6,-6.3,0.13,0.1159999999999999,0.195,0.535,0.086,6.5
Luka Samanic,11382.0,20.5,208.28,102.965384,18.0,4.5,2.7,1.25,3.4000000000000004,0.0345,0.16249999999999995,0.183,0.484,0.1275,9.9
Luke Kennard,11026.2,24.0,195.58,92.8956416,59.4,10.66,2.94,2.28,1.02,0.010999999999999979,0.1076,0.17339999999999997,0.5871999999999999,0.1336,9.3
Luke Kornet,11026.4,24.0,217.42399999999998,113.398,29.6,5.0200000000000005,2.5,0.96,-0.040000000000000216,0.05219999999999998,0.13699999999999998,0.15539999999999995,0.5206000000000001,0.10139999999999998,3.8
Mac McClung,12094.0,23.0,187.96,83.91452,2.0,4.0,1.5,0.5,19.2,0.0,0.107,0.1639999999999999,0.621,0.059,12.5
Malachi Flynn,11895.5,23.5,185.42,79.3786,45.5,5.9,1.95,2.25,-4.1,0.013000000000000001,0.10549999999999995,0.16999999999999998,0.486,0.20500000000000002,4.6
Malcolm Brogdon,10716.333333333334,26.5,195.58,101.75580533333334,55.5,15.933333333333332,4.316666666666666,4.916666666666667,2.1166666666666667,0.027166666666666617,0.11066666666666664,0.22066666666666665,0.5676666666666667,0.24216666666666667,14.9
Malcolm Hill,12127.0,26.0,198.12,99.79024,19.0,3.8,1.8,0.4,-7.3,0.051,0.118,0.118,0.619,0.05,1.0
Malik Beasley,10703.666666666666,22.5,194.31000000000003,86.78726933333333,56.0,10.200000000000001,2.4,1.25,1.8,0.02066666666666665,0.09516666666666666,0.19766666666666666,0.5506666666666667,0.09016666666666667,12.7
Malik Monk,11024.2,22.0,190.5,90.7184,61.8,10.28,2.32,2.02,-4.779999999999999,0.014600000000000002,0.09340000000000001,0.22379999999999994,0.5382,0.15760000000000002,13.5
Mamadi Diakite,11914.0,24.5,205.74,103.418976,13.5,3.7,3.45,0.4,0.2999999999999998,0.068,0.188,0.139,0.5085,0.0485,2.6
Marcus Morris Sr.,11028.8,30.0,204.21599999999998,101.9674816,60.4,14.6,5.0,1.46,0.6,0.026799999999999963,0.1464,0.21259999999999998,0.5683999999999999,0.07819999999999996,11.2
Marcus Smart,10152.25,24.5,192.405,99.79024,65.0,10.5875,3.6125,4.5,4.625,0.028874999999999998,0.09412499999999997,0.172625,0.5105,0.20737499999999998,11.5
Markelle Fultz,11029.0,22.0,192.024,93.1677968,26.2,10.22,3.18,4.58,-1.8199999999999998,0.029199999999999983,0.10079999999999997,0.2264,0.472,0.304,14.0
Markieff Morris,9460.545454545454,27.0,207.35636363636365,111.13004,65.0,10.509090909090908,4.945454545454545,1.5636363636363635,-1.0909090909090908,0.05281818181818181,0.16736363636363635,0.2053636363636363,0.5255454545454545,0.10163636363636362,3.8
Marko Simonovic,12156.0,22.0,210.82,99.79024,9.0,1.9,1.1,0.0,1.2,0.122,0.119,0.247,0.428,0.0,0.9
Marvin Bagley III,11391.0,21.5,210.82,106.480722,41.5,13.625,7.375,0.9,-6.2749999999999995,0.08749999999999998,0.19225,0.22624999999999998,0.5447500000000001,0.054,12.0
Mason Plumlee,9950.333333333334,28.0,210.82,111.48283377777778,73.44444444444444,8.288888888888888,6.644444444444445,2.466666666666667,-0.922222222222222,0.09577777777777777,0.2121111111111111,0.16599999999999998,0.6004444444444444,0.1581111111111111,10.8
Matisse Thybulle,11637.666666666666,24.0,195.58,91.171992,65.33333333333333,4.766666666666667,1.9333333333333333,1.0999999999999999,3.6,0.027333333333333334,0.061,0.09766666666666667,0.547,0.06933333333333334,4.1
Matt Ryan,12135.0,25.0,200.66,97.52228,1.0,3.0,0.0,0.0,25.0,0.0,0.0,0.357,0.3,0.0,3.6
Matthew Dellavedova,9673.25,26.5,192.405,90.378206,55.875,5.0875,1.75,3.75,-0.03750000000000009,0.021249999999999963,0.076875,0.142375,0.48275,0.27849999999999997,1.5
Max Strus,11630.333333333334,25.0,195.58,97.52227999999998,36.333333333333336,6.3999999999999995,1.5333333333333332,0.6666666666666666,35.733333333333334,0.06466666666666664,0.06166666666666663,0.17133333333333334,0.646,0.05333333333333332,11.5
Maxi Kleber,11020.2,28.0,209.296,107.047712,65.2,7.08,4.84,1.1,2.2,0.0496,0.15099999999999997,0.127,0.5806,0.0664,5.9
McKinley Wright IV,12133.0,23.0,180.34,87.089664,5.0,1.0,0.0,0.6,-25.8,0.0,0.0,0.0819999999999999,0.833,0.231,4.2
Meyers Leonard,9431.222222222223,25.0,215.33555555555554,114.15398666666667,49.666666666666664,5.155555555555555,3.6222222222222222,0.8444444444444444,-3.3666666666666667,0.04655555555555555,0.22266666666666668,0.1502222222222222,0.5996666666666667,0.08766666666666667,4.8
Mfiondu Kabengele,11381.0,22.5,205.74,113.398,25.5,2.95,1.2,0.30000000000000004,-6.699999999999999,0.028,0.155,0.20500000000000002,0.55,0.07450000000000001,1.5
Micah Potter,12163.0,24.0,208.28,112.490816,3.0,4.0,3.0,0.0,-56.4,0.095,0.125,0.148,0.505,0.0,3.4
Michael Carter-Williams,9672.875,25.5,197.485,85.898985,48.875,9.35,4.125,4.0,-2.6625,0.039249999999999986,0.14362499999999997,0.207,0.4705,0.254875,4.3
Michael Porter Jr.,11632.666666666666,23.0,208.28,98.883056,41.666666666666664,12.733333333333334,6.2,1.2666666666666666,6.266666666666667,0.052,0.19166666666666662,0.20566666666666666,0.5653333333333334,0.07033333333333333,17.4
Mikal Bridges,11364.25,23.5,198.755,94.91412600000001,77.25,11.275,3.925,2.075,3.325,0.02925,0.095,0.135,0.6175,0.08799999999999998,20.1
Mike Conley,8516.466666666667,27.0,185.42,81.19296800000001,63.86666666666667,14.973333333333333,2.96,5.526666666666667,2.453333333333333,0.015999999999999993,0.08773333333333332,0.2193333333333333,0.5467333333333334,0.27899999999999997,11.9
Mike Muscala,9941.0,26.0,209.97333333333333,108.30768977777778,48.0,6.144444444444444,3.1333333333333333,0.8222222222222223,-2.6222222222222222,0.058999999999999976,0.15833333333333333,0.16699999999999998,0.5798888888888888,0.0831111111111111,6.1
Miles McBride,12140.0,21.0,185.42,88.45044,40.0,2.2,1.1,1.0,13.0,0.011,0.0969999999999999,0.1369999999999999,0.3929999999999999,0.159,3.5
Mitchell Robinson,11359.25,22.5,213.995,108.86208,57.5,8.45,7.525,0.55,-2.9,0.12825,0.163,0.118,0.6955,0.035750000000000004,7.4
Mo Bamba,11354.75,22.5,213.36,103.645772,56.5,7.55,5.95,0.875,-9.225,0.08524999999999999,0.22075,0.17925,0.5547500000000001,0.07949999999999997,6.6
Monte Morris,11021.2,25.0,188.976,81.5558416,56.0,9.1,2.0,3.4,0.49999999999999983,0.010599999999999981,0.0766,0.1612,0.6012000000000001,0.23619999999999997,10.3
Montrezl Harrell,10455.57142857143,25.0,202.11142857142858,108.86208,65.42857142857143,12.214285714285714,5.057142857142857,1.3285714285714287,3.3428571428571425,0.08671428571428572,0.14399999999999996,0.20399999999999996,0.6452857142857144,0.09985714285714284,5.6
Moritz Wagner,11358.5,23.5,210.82,111.13004,49.0,7.35,3.45,1.075,-7.275,0.043499999999999976,0.17074999999999996,0.19774999999999998,0.5934999999999999,0.1105,10.5
Moses Brown,11607.333333333334,21.0,218.43999999999997,111.13004,30.666666666666668,4.699999999999999,4.633333333333334,0.10000000000000002,-25.133333333333336,0.10866666666666668,0.27299999999999996,0.18533333333333332,0.5303333333333334,0.023333333333333334,4.3
Moses Moody,12041.0,20.0,195.58,95.707912,52.0,4.4,1.5,0.4,-4.0,0.0279999999999999,0.098,0.148,0.573,0.0559999999999999,4.8
Myles Turner,10456.285714285714,23.0,210.82,112.81481028571429,61.57142857142857,12.62857142857143,6.6571428571428575,1.157142857142857,1.3,0.05142857142857143,0.18328571428571427,0.18942857142857136,0.5757142857142857,0.06085714285714285,18.0
Naji Marshall,11846.5,23.5,200.66,99.79024,43.5,6.7,3.5999999999999996,1.95,-1.85,0.0335,0.16199999999999998,0.17849999999999994,0.5065,0.14550000000000002,9.1
Nassir Little,11614.666666666666,21.0,195.58,99.79024,46.0,6.0,3.533333333333333,0.7666666666666666,-2.1,0.048666666666666664,0.14066666666666666,0.14033333333333334,0.5563333333333333,0.057666666666666665,6.6
Nathan Knight,11858.0,23.5,208.28,114.758776,35.0,3.75,2.25,0.4,-0.34999999999999987,0.10350000000000001,0.16449999999999998,0.20500000000000002,0.5509999999999999,0.08549999999999999,3.7
Naz Reid,11615.333333333334,21.0,205.74,119.748288,59.0,9.5,4.2,1.0333333333333334,-3.8000000000000003,0.06266666666666666,0.17,0.2203333333333333,0.564,0.09499999999999999,11.5
Neemias Queta,12051.0,22.0,213.36,112.490816,15.0,3.0,2.1,0.4,-4.1,0.104,0.144,0.176,0.495,0.076,2.4
Nerlens Noel,10174.75,24.5,210.5025,101.151016,56.25,6.8625,6.0875,1.0375,-5.1625,0.09049999999999998,0.19999999999999998,0.13974999999999996,0.594375,0.07512499999999998,2.1
Nic Claxton,12039.0,23.0,210.82,97.52228,47.0,8.7,5.6,0.9,-0.4,0.098,0.157,0.15,0.672,0.066,12.6
Nick Richards,11846.0,23.5,213.36,111.13004,34.0,1.9,1.15,0.2,-11.75,0.07099999999999995,0.11649999999999995,0.129,0.6155,0.054,8.2
Nickeil Alexander-Walker,11613.0,22.0,196.42666666666665,92.98636,52.666666666666664,9.1,2.6,2.1666666666666665,-3.3333333333333335,0.017,0.11733333333333333,0.23266666666666666,0.49,0.17766666666666667,6.2
Nicolas Batum,8723.07142857143,26.5,203.38142857142856,93.63434857142856,65.35714285714286,10.671428571428573,5.035714285714286,3.3714285714285714,2.1785714285714284,0.03757142857142854,0.14535714285714288,0.16135714285714284,0.5626428571428571,0.15885714285714284,6.1
Nikola Jokic,10455.714285714286,24.0,210.45714285714286,120.00748342857143,75.28571428571429,19.814285714285713,10.37142857142857,6.271428571428571,5.557142857142857,0.09314285714285715,0.25857142857142856,0.2584285714285714,0.6181428571428571,0.31485714285714284,24.5
Nikola Vucevic,9448.636363636364,26.0,212.43636363636367,115.87213818181817,67.36363636363636,16.61818181818182,10.245454545454546,2.6999999999999997,-2.481818181818182,0.08754545454545454,0.2671818181818182,0.24481818181818182,0.5324545454545454,0.1459090909090909,17.6
Noah Vonleh,9898.42857142857,22.0,206.82857142857142,112.36121828571429,48.42857142857143,4.042857142857143,4.257142857142857,0.6571428571428571,-13.685714285714287,0.07385714285714286,0.21899999999999994,0.153,0.4518571428571429,0.07528571428571428,1.1
Norman Powell,10456.57142857143,26.0,191.95142857142855,97.52228,60.142857142857146,11.671428571428573,2.642857142857143,1.5285714285714285,0.742857142857143,0.01742857142857143,0.10428571428571429,0.20285714285714285,0.5751428571428571,0.10385714285714286,17.0
Obi Toppin,11805.5,23.5,205.74,99.79024,67.0,6.55,2.95,0.8,4.800000000000001,0.046499999999999944,0.155,0.181,0.594,0.08499999999999999,7.4
Olivier Sarr,12028.0,23.0,213.36,108.86208,22.0,7.0,4.2,0.9,-2.0,0.078,0.133,0.136,0.672,0.066,4.0
Omer Yurtseven,12027.0,24.0,210.82,124.7378,56.0,5.3,5.3,0.9,5.3,0.12,0.293,0.19,0.546,0.105,4.4
Onyeka Okongwu,11795.0,20.5,203.2,107.72810000000001,49.0,6.3999999999999995,4.6,0.75,-0.3999999999999999,0.10849999999999996,0.16749999999999998,0.13899999999999996,0.6845000000000001,0.0625,9.9
Oshae Brissett,11564.0,23.0,200.66,95.25432,35.666666666666664,7.3,4.066666666666666,0.8000000000000002,3.8666666666666667,0.06066666666666667,0.141,0.15333333333333332,0.5419999999999999,0.06,6.1
Otto Porter Jr.,9902.222222222223,25.0,203.2,89.811216,56.0,10.166666666666666,4.733333333333333,1.5222222222222221,1.2444444444444445,0.04955555555555555,0.15466666666666665,0.16777777777777778,0.5526666666666666,0.08888888888888888,5.5
P.J. Tucker,10983.6,35.0,196.596,111.13003999999998,71.8,6.32,5.4799999999999995,1.4,3.9200000000000004,0.04219999999999996,0.13699999999999996,0.09439999999999997,0.5492,0.0638,3.5
P.J. Washington,11548.0,22.0,200.66,104.32616,62.333333333333336,11.799999999999999,5.7,2.3000000000000003,-0.7333333333333333,0.04033333333333333,0.15,0.17633333333333334,0.5613333333333334,0.11566666666666664,15.7
PJ Dozier,10707.5,22.5,198.12,92.98636,21.75,4.425,2.2,1.2,-1.7499999999999991,0.03925,0.15325,0.24174999999999996,0.4825,0.11424999999999998,1.4
Pascal Siakam,10665.833333333334,25.5,205.3166666666667,104.32616,66.66666666666667,15.916666666666666,6.3,3.1166666666666667,6.016666666666667,0.050333333333333334,0.165,0.21433333333333335,0.5609999999999999,0.14699999999999996,24.2
Pat Connaughton,10419.57142857143,26.0,195.21714285714285,94.73592914285715,59.57142857142857,5.428571428571429,3.085714285714286,1.1714285714285713,1.0142857142857142,0.04185714285714286,0.1337142857142857,0.13514285714285715,0.5531428571428572,0.10157142857142856,7.6
Patrick Beverley,9658.1,28.5,185.42,84.368112,52.6,8.97,4.14,3.3600000000000003,6.2,0.0451,0.11489999999999997,0.1514,0.5474,0.18,6.2
Patrick Williams,11800.0,19.5,200.66,97.52228,44.0,9.1,4.35,1.15,-6.3,0.036500000000000005,0.1315,0.14250000000000002,0.5995,0.0595,10.2
Patty Mills,8922.384615384615,27.0,183.27076923076922,83.21668615384615,63.07692307692308,8.638461538461538,1.5692307692307692,2.1384615384615384,2.753846153846154,0.018230769230769214,0.06884615384615385,0.2121538461538461,0.5567692307692307,0.18123076923076922,6.2
Paul George,9181.083333333334,26.5,204.47,99.26104933333333,61.416666666666664,19.466666666666665,6.175,3.4749999999999996,5.741666666666667,0.028583333333333336,0.17208333333333334,0.2710833333333333,0.5580833333333334,0.17591666666666664,23.8
Paul Reed,11800.5,22.5,205.74,95.25432,32.0,3.25,2.3499999999999996,0.45,2.4999999999999996,0.14199999999999996,0.16799999999999993,0.1795,0.554,0.094,4.2
Payton Pritchard,11800.0,23.5,185.42,88.45044,68.5,6.95,2.15,1.9,1.4000000000000001,0.028,0.096,0.17099999999999999,0.5800000000000001,0.179,5.6
Precious Achiuwa,11800.5,21.5,203.2,102.0582,67.0,7.05,4.95,0.8,-2.6500000000000004,0.08599999999999995,0.181,0.182,0.5265,0.068,9.2
Quentin Grimes,12087.0,22.0,193.04,95.25432,46.0,6.0,2.0,1.0,-3.0,0.0279999999999999,0.085,0.149,0.565,0.095,11.3
R.J. Hampton,11800.5,20.5,193.04,79.3786,57.5,7.25,3.25,2.1,-14.35,0.0225,0.14100000000000001,0.1855,0.494,0.16699999999999998,6.4
RJ Barrett,11573.333333333334,21.0,198.12,97.068688,66.0,17.3,5.533333333333334,2.8666666666666667,-3.233333333333333,0.026333333333333334,0.13333333333333333,0.24333333333333332,0.5083333333333333,0.13566666666666669,19.6
Raul Neto,10434.285714285714,27.0,185.78285714285715,81.38736457142856,55.285714285714285,5.642857142857143,1.5142857142857142,2.0714285714285716,6.142857142857143,0.014428571428571372,0.08514285714285715,0.17085714285714285,0.5492857142857143,0.19971428571428573,3.3
Reggie Bullock,9899.333333333334,27.0,199.81333333333333,92.98636,48.22222222222222,6.955555555555556,2.3333333333333335,1.0777777777777777,-0.24444444444444446,0.018333333333333323,0.10955555555555553,0.13822222222222222,0.5434444444444444,0.07433333333333333,7.2
Reggie Jackson,9403.90909090909,27.0,190.0381818181818,94.347136,63.90909090909091,12.609090909090908,2.909090909090909,4.209090909090909,2.409090909090909,0.022454545454545453,0.10245454545454545,0.2377272727272727,0.5161818181818182,0.26599999999999996,10.2
Richaun Holmes,10429.857142857143,25.0,208.28,107.89009714285714,53.714285714285715,9.571428571428571,5.8,1.0857142857142856,-3.057142857142857,0.0884285714285714,0.17985714285714285,0.1682857142857143,0.6351428571428571,0.0797142857142857,3.1
Ricky Rubio,9401.363636363636,26.0,192.11636363636362,85.3990029090909,60.45454545454545,11.163636363636364,4.254545454545454,7.627272727272728,1.9727272727272727,0.021818181818181792,0.12718181818181817,0.19427272727272724,0.505909090909091,0.363,5.2
Robert Covington,9897.111111111111,27.0,204.04666666666668,97.62307822222222,59.666666666666664,10.755555555555555,5.300000000000001,1.3333333333333333,3.3222222222222224,0.03422222222222222,0.15666666666666662,0.17366666666666666,0.5587777777777778,0.06477777777777777,6.0
Robert Williams III,11280.5,22.5,205.105,107.841498,43.5,6.425,5.85,1.225,2.65,0.114,0.19574999999999995,0.12324999999999994,0.72375,0.09274999999999997,8.0
Robin Lopez,8674.5,27.5,213.35999999999999,119.55389142857143,67.07142857142857,8.492857142857144,4.714285714285714,0.8357142857142856,-1.1357142857142857,0.1052142857142857,0.12328571428571429,0.17449999999999996,0.5731428571428571,0.05942857142857142,3.0
Rodney McGruder,10700.5,27.5,193.04,92.23037333333333,47.5,5.583333333333333,2.5,1.1166666666666667,-0.5,0.03916666666666667,0.09699999999999999,0.13449999999999998,0.5473333333333333,0.09049999999999998,5.7
Romeo Langford,11539.333333333334,21.0,193.88666666666666,97.975872,32.666666666666664,3.3666666666666667,1.8333333333333333,0.5,-0.06666666666666643,0.03766666666666667,0.078,0.11566666666666665,0.4633333333333334,0.051333333333333335,6.9
Royce O'Neale,10972.2,27.0,195.57999999999998,102.51179199999999,74.0,6.18,4.8,2.08,6.88,0.02299999999999998,0.15360000000000001,0.1072,0.5828,0.10939999999999998,8.8
Rudy Gay,8206.9375,27.5,203.35875,105.290043,66.5,16.18125,5.75,2.1125,0.19374999999999992,0.04618749999999999,0.159,0.23687499999999997,0.538375,0.11093749999999998,5.2
Rudy Gobert,9900.777777777777,26.0,215.9,113.09560533333332,67.88888888888889,12.022222222222222,11.333333333333334,1.2777777777777777,6.466666666666667,0.11977777777777776,0.2743333333333333,0.15766666666666665,0.6499999999999999,0.06466666666666666,13.4
Rui Hachimura,11570.333333333334,23.0,203.19999999999996,104.32616,49.0,12.866666666666667,5.133333333333333,1.4333333333333333,-6.033333333333332,0.034666666666666665,0.14566666666666667,0.19133333333333327,0.5543333333333332,0.07666666666666666,11.2
Russell Westbrook,8674.714285714286,26.5,190.5,88.61243714285715,72.92857142857143,22.95,7.4071428571428575,8.392857142857142,4.178571428571429,0.05085714285714286,0.1669285714285714,0.31485714285714284,0.5256428571428572,0.3979285714285714,15.9
Ryan Arcidiacono,10998.6,26.0,190.5,88.904032,43.4,3.5799999999999996,1.58,1.64,-4.06,0.0092,0.1022,0.10639999999999998,0.5794,0.1524,1.3
Saben Lee,11905.0,22.5,187.96,83.007336,42.5,5.6,2.2,3.25,-6.0,0.026,0.10600000000000001,0.16999999999999996,0.5175000000000001,0.3034999999999999,6.0
Saddiq Bey,11905.0,22.5,200.66,97.52228,76.0,14.15,4.95,2.0999999999999996,-7.45,0.0285,0.135,0.1955,0.548,0.10750000000000001,13.8
Sam Hauser,12261.0,24.0,200.66,98.429464,26.0,2.5,1.1,0.4,-0.3,0.03,0.133,0.136,0.65,0.095,6.4
Sam Merrill,11909.5,25.5,193.04,92.98636,18.0,3.6,1.1,0.7,-9.8,0.018000000000000002,0.1005,0.16199999999999998,0.544,0.1215,5.0
Sandro Mamukelashvili,12262.0,23.0,205.74,108.86208,41.0,3.8,2.0,0.5,-17.6,0.079,0.1159999999999999,0.142,0.618,0.084,6.1
Santi Aldama,12263.0,21.0,210.82,97.52228,32.0,4.1,2.7,0.7,1.3,0.077,0.15,0.174,0.452,0.08,9.0
Scottie Barnes,12264.0,20.0,200.66,102.0582,74.0,15.3,7.5,3.5,1.8,0.068,0.141,0.187,0.552,0.15,15.3
Serge Ibaka,8928.615384615385,26.0,208.67076923076925,107.64087076923077,69.46153846153847,12.015384615384615,7.1,0.8538461538461538,4.8,0.086,0.19092307692307692,0.18884615384615383,0.572,0.050769230769230754,4.1
Seth Curry,9940.125,27.0,187.96,83.91452,47.125,8.6125,1.8625,1.725,-1.425,0.009874999999999974,0.117625,0.16787499999999994,0.5205,0.12312499999999998,9.2
Shai Gilgeous-Alexander,11299.0,21.5,197.485,81.759958,60.75,19.5,4.6,4.6,-3.1500000000000004,0.0195,0.11425,0.2495,0.5755,0.23275,31.4
Shake Milton,11292.25,23.5,196.215,93.213156,44.5,8.75,2.225,2.275,0.575,0.024,0.08975,0.1865,0.5415,0.16399999999999998,8.4
Shaquille Harrison,10995.0,26.0,196.088,86.636072,35.0,4.42,2.2199999999999998,1.52,-3.96,0.032,0.1286,0.15619999999999998,0.4683999999999999,0.15699999999999997,8.8
Skylar Mays,11890.0,23.5,193.04,92.98636,30.5,3.3499999999999996,1.0,0.75,-5.75,0.0295,0.093,0.16749999999999998,0.579,0.15,15.3
Spencer Dinwiddie,10183.75,25.5,197.485,93.836845,48.375,10.85,2.9,4.275,-0.5874999999999999,0.01525,0.103125,0.208,0.515625,0.28862499999999996,17.3
Stanley Johnson,10453.285714285714,23.0,199.57142857142858,110.54685028571429,59.857142857142854,5.942857142857143,2.9857142857142853,1.4142857142857144,-2.1142857142857143,0.029571428571428544,0.13599999999999998,0.1657142857142857,0.4854285714285714,0.12057142857142857,5.8
Stephen Curry,8926.23076923077,28.0,190.30461538461537,84.78681230769232,63.53846153846154,23.76153846153846,4.661538461538462,6.415384615384616,7.130769230769231,0.021461538461538456,0.12030769230769231,0.27876923076923077,0.6174615384615384,0.29653846153846153,29.4
Sterling Brown,10986.6,25.0,196.596,101.5138896,52.8,5.4,3.3400000000000007,1.0,-0.6000000000000002,0.03319999999999998,0.1558,0.1406,0.5288,0.0848,0.0
Steven Adams,9929.777777777777,24.0,212.51333333333335,117.68192444444445,73.77777777777777,9.277777777777779,8.077777777777778,1.5222222222222221,4.844444444444445,0.13422222222222221,0.1711111111111111,0.14122222222222222,0.5867777777777777,0.07633333333333331,8.6
Svi Mykhailiuk,11284.25,23.5,201.295,92.98636,55.0,6.324999999999999,1.725,1.325,-3.8,0.018250000000000002,0.08274999999999996,0.16825,0.51575,0.11274999999999999,6.9
T.J. McConnell,10437.0,27.0,186.87142857142857,87.47845714285714,68.71428571428571,7.042857142857143,3.0285714285714285,5.0,-2.585714285714286,0.02499999999999996,0.11142857142857143,0.15285714285714283,0.5375714285714286,0.317,8.7
T.J. Warren,10664.0,25.5,203.2,98.65626,44.75,18.225,4.2,1.4,-2.85,0.03125,0.09975,0.22649999999999998,0.57275,0.0685,7.5
Taj Gibson,8918.23076923077,31.0,205.73999999999998,103.76789292307693,68.92307692307692,8.723076923076924,6.0,0.9538461538461539,2.4384615384615382,0.10046153846153844,0.16330769230769232,0.16161538461538458,0.5638461538461539,0.06376923076923077,3.4
Talen Horton-Tucker,11560.333333333334,20.0,193.04,106.140528,43.666666666666664,8.233333333333333,2.3333333333333335,2.1666666666666665,-3.5666666666666664,0.021666666666666667,0.08666666666666663,0.19299999999999995,0.5246666666666667,0.15633333333333332,10.7
Taurean Prince,10679.333333333334,25.5,201.50666666666666,99.33664800000001,61.666666666666664,10.366666666666665,3.8333333333333335,1.7166666666666668,-3.216666666666667,0.021,0.13416666666666666,0.18866666666666665,0.5438333333333333,0.104,9.1
Terance Mann,11571.333333333334,24.0,195.58,97.52227999999998,63.0,6.733333333333334,3.3666666666666667,1.8333333333333333,1.4333333333333336,0.038,0.1263333333333333,0.14133333333333334,0.5733333333333334,0.15133333333333335,8.8
Terence Davis,11567.333333333334,24.0,193.04,91.171992,54.333333333333336,8.866666666666667,2.966666666666667,1.4333333333333333,3.1666666666666665,0.025333333333333333,0.1333333333333333,0.21266666666666667,0.5619999999999999,0.123,6.7
Terrence Ross,9649.0,26.5,199.39000000000001,90.945196,67.0,11.209999999999999,2.87,1.3199999999999998,-1.6600000000000001,0.015399999999999988,0.1058,0.19749999999999998,0.5323,0.0838,8.3
Terry Rozier,10442.142857142857,25.0,186.50857142857143,86.18248000000001,68.14285714285714,12.185714285714285,3.771428571428572,3.042857142857143,-2.1285714285714286,0.030285714285714273,0.12828571428571428,0.20357142857142851,0.501,0.19128571428571425,21.1
Terry Taylor,12291.0,22.0,195.58,104.32616,33.0,9.6,5.2,1.2,-6.9,0.129,0.1169999999999999,0.151,0.6559999999999999,0.081,2.9
Thaddeus Young,8454.2,27.0,203.2,102.3303552,72.33333333333333,12.58,5.786666666666666,1.8466666666666667,0.36,0.0764,0.14479999999999998,0.1997333333333333,0.5429999999999999,0.10393333333333331,4.4
Thanasis Antetokounmpo,10917.25,26.75,198.755,97.749076,31.75,3.075,1.5,0.525,-10.125,0.06525,0.112,0.19799999999999995,0.5865,0.0895,1.4
Theo Maledon,11870.0,20.5,193.04,79.3786,58.0,8.6,2.9000000000000004,2.85,-13.5,0.016,0.10949999999999994,0.1945,0.4945,0.19249999999999995,6.7
Theo Pinson,11299.25,24.5,196.215,96.841892,21.75,2.675,1.25,0.975,-8.4,0.012750000000000001,0.11624999999999998,0.16625,0.381,0.16274999999999998,2.4
Thomas Bryant,10983.8,22.0,208.788,112.490816,34.0,9.379999999999999,4.9399999999999995,1.1800000000000002,-5.459999999999999,0.06339999999999998,0.19279999999999994,0.1734,0.615,0.0974,9.8
Tim Hardaway Jr.,9944.777777777777,26.0,197.27333333333334,93.23835555555556,65.11111111111111,13.866666666666667,2.8666666666666667,1.8777777777777775,-1.0222222222222221,0.012222222222222223,0.09466666666666662,0.2152222222222222,0.5496666666666666,0.10844444444444443,14.4
Tobias Harris,9415.545454545454,24.0,204.35454545454547,104.73851636363635,68.45454545454545,15.763636363636364,6.054545454545454,2.1999999999999997,-1.0636363636363635,0.038181818181818185,0.17427272727272725,0.2200909090909091,0.5603636363636364,0.11263636363636363,14.7
Tony Bradley,10994.6,22.0,208.28000000000003,112.490816,33.4,4.32,3.9799999999999995,0.44000000000000006,-3.6599999999999993,0.1406,0.21679999999999996,0.1574,0.5599999999999999,0.05819999999999999,1.6
Torrey Craig,10993.2,29.0,200.152,99.1552112,60.0,5.4799999999999995,3.6,0.9199999999999999,-2.8,0.059799999999999985,0.13719999999999996,0.12799999999999997,0.554,0.06859999999999998,7.4
Trae Young,11313.0,21.5,186.055,79.83219199999999,70.0,25.6,3.9,9.125,-0.925,0.018749999999999975,0.093,0.3172499999999999,0.5815,0.42025,26.2
Tre Jones,11855.0,21.5,185.42,83.91452,53.0,4.25,1.4000000000000001,2.25,-7.15,0.02599999999999995,0.076,0.155,0.5445,0.254,12.9
Tre Mann,12273.0,21.0,190.5,80.73937600000001,60.0,10.4,2.9,1.5,-10.3,0.017,0.1009999999999999,0.213,0.501,0.108,7.7
Trendon Watford,12275.0,21.0,203.2,107.501304,48.0,7.6,4.1,1.7,-17.9,0.06,0.163,0.1689999999999999,0.59,0.152,7.4
Trent Forrest,11862.0,23.5,193.04,95.25432,45.0,3.0999999999999996,1.6,1.65,-1.6,0.0345,0.10200000000000001,0.134,0.5539999999999999,0.1965,2.3
Trevelin Queen,12277.0,25.0,198.12,86.18248,10.0,4.3,1.6,0.4,5.6,0.091,0.134,0.2189999999999999,0.619,0.074,3.0
Trey Lyles,10441.0,23.0,207.1914285714286,106.140528,64.14285714285714,7.514285714285714,4.3,1.0285714285714285,-3.4714285714285715,0.04342857142857139,0.1997142857142857,0.1857142857142857,0.5415714285714286,0.08757142857142855,7.6
Trey Murphy III,12282.0,22.0,203.2,93.439952,62.0,5.4,2.4,0.6,0.3,0.049,0.122,0.147,0.5579999999999999,0.065,14.5
Troy Brown Jr.,11187.25,20.5,198.755,97.52228,55.25,6.050000000000001,3.65,1.5,-1.25,0.0405,0.158,0.14775,0.51525,0.11174999999999997,7.1
Ty Jerome,11423.0,23.0,195.58,88.45044,37.333333333333336,7.033333333333334,1.9666666666666668,2.433333333333333,-7.833333333333333,0.017333333333333336,0.09733333333333333,0.18533333333333335,0.49933333333333335,0.2266666666666666,6.9
Tyler Dorsey,10087.5,22.5,195.58,83.007336,52.0,6.7,2.3499999999999996,1.2999999999999998,-4.55,0.026,0.11499999999999995,0.1875,0.5015000000000001,0.123,3.0
Tyler Herro,11419.333333333334,21.0,195.58,88.45044,58.333333333333336,16.433333333333334,4.7,3.1999999999999997,0.2333333333333331,0.013666666666666666,0.136,0.23866666666666667,0.5513333333333333,0.17333333333333334,20.1
Tyrese Haliburton,11600.5,21.5,195.58,83.91452,67.5,14.15,3.5,6.75,-5.8,0.022,0.08449999999999999,0.1795,0.59,0.29100000000000004,20.7
Tyrese Maxey,11599.5,20.5,187.96,90.7184,68.0,12.75,2.45,3.15,1.0,0.010499999999999999,0.089,0.21049999999999996,0.5625,0.199,20.3
Tyus Jones,10373.142857142857,23.0,185.78285714285715,87.996848,65.0,6.014285714285714,1.7142857142857142,3.6571428571428575,0.04285714285714283,0.012428571428571386,0.08357142857142856,0.15014285714285713,0.5175714285714286,0.2795714285714286,10.3
Udoka Azubuike,11601.0,21.5,210.82,124.7378,16.0,2.9000000000000004,2.5500000000000003,0.0,-26.25,0.078,0.1915,0.131,0.6699999999999999,0.0,3.5
Udonis Haslem,7463.368421052632,33.0,203.2,106.25989431578948,45.89473684210526,5.931578947368421,5.278947368421052,0.6526315789473685,1.0684210526315787,0.07042105263157895,0.2359473684210526,0.15605263157894736,0.5213157894736842,0.056368421052631575,3.9
Usman Garuba,11700.0,20.0,203.2,103.872568,24.0,2.0,3.5,0.7,7.0,0.083,0.263,0.091,0.51,0.084,3.0
Vernon Carey Jr.,11594.5,20.5,205.74,122.46984,13.0,2.65,1.5499999999999998,0.05,-25.400000000000002,0.09949999999999999,0.1335,0.1785,0.5485,0.01399999999999995,0.5
Victor Oladipo,9869.666666666666,26.0,193.04,95.95990755555556,51.333333333333336,16.91111111111111,4.422222222222222,3.9111111111111114,-0.22222222222222232,0.018222222222222223,0.12777777777777777,0.25555555555555554,0.5367777777777778,0.205,10.7
Vit Krejci,11702.0,22.0,203.2,88.45044,30.0,6.2,3.4,1.9,-12.8,0.024,0.121,0.125,0.529,0.1169999999999999,1.2
Vlatko Cancar,11398.333333333334,24.0,203.19999999999996,107.047712,23.333333333333332,2.4666666666666663,1.3333333333333333,0.5333333333333333,-7.566666666666666,0.06166666666666663,0.12933333333333333,0.14666666666666667,0.5703333333333334,0.09933333333333333,5.0
Wendell Carter Jr.,11185.5,21.5,207.645,120.76887,50.75,11.95,8.775,1.9249999999999998,-6.225,0.08549999999999999,0.22324999999999998,0.187,0.5745,0.11149999999999997,15.2
Wenyen Gabriel,11409.666666666666,24.0,205.74,92.98636,25.666666666666668,3.6333333333333333,2.6666666666666665,0.43333333333333335,0.09999999999999994,0.08466666666666667,0.14466666666666667,0.14133333333333334,0.5426666666666666,0.054,5.5
Wesley Matthews,8901.307692307691,29.0,194.99384615384616,99.79024000000001,69.07692307692308,11.86923076923077,2.8461538461538463,1.9384615384615385,2.123076923076923,0.018846153846153832,0.08276923076923076,0.1696923076923077,0.5548461538461539,0.09646153846153846,3.4
Will Barton,9603.9,26.5,197.358,81.3290456,62.3,11.26,4.14,2.67,-0.6300000000000001,0.03169999999999999,0.14299999999999996,0.2048,0.5208,0.1523,6.8
Willy Hernangomez,10607.666666666666,25.5,210.82000000000002,111.13004000000001,51.0,7.266666666666666,5.733333333333333,1.05,-2.183333333333333,0.12983333333333333,0.24683333333333332,0.20166666666666666,0.584,0.11133333333333328,6.9
Xavier Moon,11729.0,27.0,187.96,74.84268,10.0,5.8,1.4,2.4,1.4,0.0139999999999999,0.072,0.177,0.545,0.245,1.8
Xavier Sneed,11728.0,24.0,195.58,97.52228,9.0,0.6,0.7,0.1,-3.8,0.0409999999999999,0.111,0.109,0.25,0.036,4.3
Xavier Tillman,11472.0,22.0,203.2,111.13004,59.0,6.6,4.3,1.3,2.9,0.065,0.163,0.142,0.605,0.096,7.0
Yuta Watanabe,11169.25,25.5,205.10500000000002,96.3883,30.25,3.325,2.2,0.55,0.725,0.0405,0.14975,0.14475,0.48024999999999995,0.06875,5.6
Zach Collins,10734.5,21.75,212.09,109.42907,45.5,6.45,4.825,1.35,2.75,0.0755,0.16324999999999998,0.15725,0.54225,0.09575,11.6
Zach LaVine,10108.75,23.5,195.8975,87.429858,59.75,20.0875,4.0,3.85,-6.0375,0.014999999999999987,0.11649999999999999,0.27012499999999995,0.564875,0.20325,24.8
Zeke Nnaji,11594.5,20.5,205.74,108.86208,41.5,4.9,2.55,0.30000000000000004,-6.85,0.0555,0.135,0.136,0.622,0.037,5.2
Ziaire Williams,11717.0,20.0,205.74,83.91452,62.0,8.1,2.1,1.0,4.2,0.017,0.071,0.144,0.5589999999999999,0.062,5.7
Zion Williamson,11179.0,19.5,199.39,128.820128,42.5,24.75,6.75,2.9000000000000004,3.5999999999999996,0.0865,0.1225,0.289,0.6325000000000001,0.1535,26.0
